mc	mn	mc_onset	mn_onset	timesig	staff	voice	duration	gracenote	nominal_duration	scalar	tied	tpc	midi	volta	chord_id
1	1	0	0	4/4	1	1	1/8		1/8	1		-2	82		0
1	1	1/8	1/8	4/4	1	1	3/8		1/4	3/2		-2	82		1
1	1	1/2	1/2	4/4	1	1	1/8		1/8	1		-2	82		2
1	1	5/8	5/8	4/4	1	1	3/8		1/4	3/2		-2	82		3
2	2	0	0	4/4	1	1	1/48		1/32	2/3		-6	78		4
2	2	1/48	1/48	4/4	1	1	1/48		1/32	2/3		-5	85		5
2	2	1/24	1/24	4/4	1	1	1/48		1/32	2/3		-1	89		6
2	2	1/16	1/16	4/4	1	1	1/48		1/32	2/3		-3	87		7
2	2	1/12	1/12	4/4	1	1	1/16		1/16	1		-2	82		8
2	2	7/48	7/48	4/4	1	1	1/48		1/32	2/3		-3	75		9
2	2	1/6	1/6	4/4	1	1	1/12		1/8	2/3	1	-4	80		10
2	2	1/4	1/4	4/4	1	1	1/4		1/4	1	-1	-4	80		11
2	2	1/2	1/2	4/4	1	1	1/48		1/32	2/3		-6	78		12
2	2	25/48	25/48	4/4	1	1	1/48		1/32	2/3		-5	85		13
2	2	13/24	13/24	4/4	1	1	1/48		1/32	2/3		-1	89		14
2	2	9/16	9/16	4/4	1	1	1/48		1/32	2/3		-3	87		15
2	2	7/12	7/12	4/4	1	1	1/16		1/16	1		-2	82		16
2	2	31/48	31/48	4/4	1	1	1/48		1/32	2/3		-3	75		17
2	2	2/3	2/3	4/4	1	1	1/12		1/8	2/3	1	-4	80		18
2	2	3/4	3/4	4/4	1	1	1/4		1/4	1	-1	-4	80		19
3	3	0	0	3/4	1	1	1/8		1/8	1		-3	75		20
3	3	1/8	1/8	3/4	1	1	1/4		1/4	1		-3	75		21
3	3	3/8	3/8	3/4	1	1	1/8		1/8	1		-3	75		22
3	3	1/2	1/2	3/4	1	1	1/4		1/4	1	1	-3	75		23
4	4	0	0	4/4	1	2	1/4		1/4	1		2	62		27
4	4	0	0	4/4	1	1	1/8		1/8	1	-1	-3	75		24
4	4	1/12	1/12	4/4	2	2	1/12		1/8	2/3	1	-2	46		41
4	4	1/12	1/12	4/4	2	1	1/12		1/8	2/3		-6	54		30
4	4	1/6	1/6	4/4	2	2	1/12		1/8	2/3	1	-3	39		42
4	4	1/6	1/6	4/4	2	1	1/12		1/8	2/3	1	-4	56		31
4	4	1/4	1/4	4/4	2	2	1/2		1/2	1	-1	-3	39		43
4	4	1/4	1/4	4/4	2	2	1/2		1/2	1	-1	-2	46		43
4	4	1/4	1/4	4/4	2	1	1/12		1/8	2/3	-1	-4	56		32
4	4	1/4	1/4	4/4	1	2	1/4		1/4	1		-2	58		28
4	4	1/3	1/3	4/4	2	1	1/12		1/8	2/3		-6	54		33
4	4	5/12	5/12	4/4	2	1	1/12		1/8	2/3	1	-4	56		34
4	4	1/2	1/2	4/4	2	1	1/12		1/8	2/3	-1	-4	56		35
4	4	1/2	1/2	4/4	1	1	1/8		1/8	1		-3	75		25
4	4	7/12	7/12	4/4	2	1	1/12		1/8	2/3		-6	54		36
4	4	5/8	5/8	4/4	1	1	1/4		1/4	1		-3	75		26
4	4	2/3	2/3	4/4	2	1	1/12		1/8	2/3	1	-4	56		37
4	4	3/4	3/4	4/4	2	1	1/12		1/8	2/3	-1	-4	56		38
4	4	3/4	3/4	4/4	1	2	1/4		1/4	1		2	62		29
4	4	5/6	5/6	4/4	2	2	1/12		1/8	2/3	1	-2	46		44
4	4	5/6	5/6	4/4	2	1	1/12		1/8	2/3		-6	54		39
4	4	11/12	11/12	4/4	2	2	1/12		1/8	2/3	1	-3	39		45
4	4	11/12	11/12	4/4	2	1	1/12		1/8	2/3	1	-4	56		40
5	5	0	0	4/4	2	2	1/2		1/2	1	-1	-3	39		63
5	5	0	0	4/4	2	2	1/2		1/2	1	-1	-2	46		63
5	5	0	0	4/4	2	1	1/12		1/8	2/3	-1	-4	56		51
5	5	0	0	4/4	1	2	1/4		1/4	1		-2	58		48
5	5	1/12	1/12	4/4	2	1	1/12		1/8	2/3		-6	54		52
5	5	1/6	1/6	4/4	2	1	1/12		1/8	2/3	1	-4	56		53
5	5	1/4	1/4	4/4	2	1	1/12		1/8	2/3	-1	-4	56		54
5	5	1/4	1/4	4/4	1	1	1/8		1/8	1		-3	75		46
5	5	1/3	1/3	4/4	2	1	1/12		1/8	2/3		-6	54		55
5	5	3/8	3/8	4/4	1	1	1/4		1/4	1		-3	75		47
5	5	5/12	5/12	4/4	2	1	1/12		1/8	2/3		-4	56		56
5	5	1/2	1/2	4/4	2	2	1/12		1/8	2/3		5	35		64
5	5	1/2	1/2	4/4	2	1	1/12		1/8	2/3		8	56		57
5	5	1/2	1/2	4/4	1	2	1/4		1/4	1		2	62		49
5	5	7/12	7/12	4/4	2	2	1/12		1/8	2/3		6	42		65
5	5	7/12	7/12	4/4	2	1	1/12		1/8	2/3		6	54		58
5	5	2/3	2/3	4/4	2	2	1/12		1/8	2/3	1	2	50		66
5	5	2/3	2/3	4/4	2	1	1/12		1/8	2/3	1	8	56		59
5	5	3/4	3/4	4/4	2	2	1/12		1/8	2/3	-1	2	50		67
5	5	3/4	3/4	4/4	2	1	1/12		1/8	2/3	-1	8	56		60
5	5	3/4	3/4	4/4	1	2	1/4		1/4	1		10	58		50
5	5	5/6	5/6	4/4	2	2	1/12		1/8	2/3		6	42		68
5	5	5/6	5/6	4/4	2	1	1/12		1/8	2/3		6	54		61
5	5	11/12	11/12	4/4	2	2	1/12		1/8	2/3	1	5	35		69
5	5	11/12	11/12	4/4	2	1	1/12		1/8	2/3	1	8	56		62
6	6	0	0	12/8	2	2	1/8		1/8	1	-1	5	35		88
6	6	0	0	12/8	2	1	1/8		1/8	1	-1	8	56		79
6	6	0	0	12/8	1	1	1/4		1/4	1		2	62		70
6	6	1/8	1/8	12/8	2	2	1/8		1/8	1		6	42		89
6	6	1/8	1/8	12/8	2	1	1/8		1/8	1		6	54		80
6	6	1/4	1/4	12/8	2	2	1/8		1/8	1	1	2	50		90
6	6	1/4	1/4	12/8	2	1	1/8		1/8	1	1	8	56		81
6	6	1/4	1/4	12/8	1	1	1/8		1/8	1		10	58		71
6	6	3/8	3/8	12/8	2	2	1/8		1/8	1	-1	2	50		91
6	6	3/8	3/8	12/8	2	1	1/8		1/8	1	-1	8	56		82
6	6	3/8	3/8	12/8	1	1	1/4		1/4	1		2	62		72
6	6	1/2	1/2	12/8	2	2	1/8		1/8	1		6	42		92
6	6	1/2	1/2	12/8	2	1	1/8		1/8	1		6	54		83
6	6	5/8	5/8	12/8	2	2	1/8		1/8	1	1	5	35		93
6	6	5/8	5/8	12/8	2	1	1/8		1/8	1	1	8	56		84
6	6	5/8	5/8	12/8	1	1	1/8		1/8	1		10	58		73
6	6	3/4	3/4	12/8	2	2	1/8		1/8	1	-1	5	35		94
6	6	3/4	3/4	12/8	2	1	1/8		1/8	1	-1	8	56		85
6	6	3/4	3/4	12/8	1	1	3/8		1/4	3/2		2	62		74
6	6	7/8	7/8	12/8	2	2	1/8		1/8	1	1	6	42		95
6	6	7/8	7/8	12/8	2	1	1/8		1/8	1		6	54		86
6	6	1	1	12/8	2	2	1/8		1/8	1	1	2	50		96
6	6	1	1	12/8	2	1	1/8		1/8	1		8	56		87
6	6	9/8	9/8	12/8	2	2	3/8		1/4	3/2		5	35		97
6	6	9/8	9/8	12/8	2	2	3/8		1/4	3/2	-1	6	42		97
6	6	9/8	9/8	12/8	2	2	3/8		1/4	3/2	-1	2	50		97
6	6	9/8	9/8	12/8	1	2	1/8		1/8	1		10	58		76
6	6	9/8	9/8	12/8	1	1	1/4		1/4	1		10	58		75
6	6	5/4	5/4	12/8	1	2	1/8		1/8	1		2	62		77
6	6	11/8	11/8	12/8	1	2	1/8		1/8	1		10	70		78
7	7	0	0	4/4	2	2	1		1	1		-4	32		115
7	7	0	0	4/4	1	2	1/12		1/8	2/3		-2	70		102
7	7	0	0	4/4	1	1	1/8		1/8	1		-2	82		98
7	7	1/12	1/12	4/4	1	2	1/12		1/8	2/3		2	62		103
7	7	1/12	1/12	4/4	1	2	1/12		1/8	2/3		-2	70		103
7	7	1/8	1/8	4/4	1	1	3/8		1/4	3/2		-2	82		99
7	7	1/6	1/6	4/4	1	2	1/12		1/8	2/3	1	-3	63		104
7	7	1/6	1/6	4/4	1	2	1/12		1/8	2/3	1	-6	66		104
7	7	1/4	1/4	4/4	2	1	3/4		1/2	3/2	1	-4	44		114
7	7	1/4	1/4	4/4	2	1	3/4		1/2	3/2	1	-3	51		114
7	7	1/4	1/4	4/4	1	2	1/12		1/8	2/3	-1	-3	63		105
7	7	1/4	1/4	4/4	1	2	1/12		1/8	2/3	-1	-6	66		105
7	7	1/3	1/3	4/4	1	2	1/12		1/8	2/3		2	62		106
7	7	1/3	1/3	4/4	1	2	1/12		1/8	2/3		-2	70		106
7	7	5/12	5/12	4/4	1	2	1/12		1/8	2/3	1	-3	63		107
7	7	5/12	5/12	4/4	1	2	1/12		1/8	2/3	1	-6	66		107
7	7	1/2	1/2	4/4	1	2	1/12		1/8	2/3	-1	-3	63		108
7	7	1/2	1/2	4/4	1	2	1/12		1/8	2/3	-1	-6	66		108
7	7	1/2	1/2	4/4	1	1	1/8		1/8	1		-2	82		100
7	7	7/12	7/12	4/4	1	2	1/12		1/8	2/3		2	62		109
7	7	7/12	7/12	4/4	1	2	1/12		1/8	2/3		-2	70		109
7	7	5/8	5/8	4/4	1	1	3/8		1/4	3/2		-2	82		101
7	7	2/3	2/3	4/4	1	2	1/12		1/8	2/3	1	-3	63		110
7	7	2/3	2/3	4/4	1	2	1/12		1/8	2/3	1	-6	66		110
7	7	3/4	3/4	4/4	1	2	1/12		1/8	2/3	-1	-3	63		111
7	7	3/4	3/4	4/4	1	2	1/12		1/8	2/3	-1	-6	66		111
7	7	5/6	5/6	4/4	1	2	1/12		1/8	2/3		2	62		112
7	7	5/6	5/6	4/4	1	2	1/12		1/8	2/3		-2	70		112
7	7	11/12	11/12	4/4	1	2	1/12		1/8	2/3	1	-3	63		113
7	7	11/12	11/12	4/4	1	2	1/12		1/8	2/3	1	-6	66		113
8	8	0	0	4/4	2	1	1/4		1/4	1	-1	-4	44		139
8	8	0	0	4/4	2	1	1/4		1/4	1	-1	-3	51		139
8	8	0	0	4/4	1	2	1/12		1/8	2/3	-1	-3	63		129
8	8	0	0	4/4	1	2	1/12		1/8	2/3	-1	-6	66		129
8	8	1/12	1/12	4/4	1	2	1/12		1/8	2/3		2	62		130
8	8	1/12	1/12	4/4	1	2	1/12		1/8	2/3		-2	70		130
8	8	1/12	1/12	4/4	1	1	1/48		1/32	2/3		-6	78		116
8	8	5/48	5/48	4/4	1	1	1/48		1/32	2/3		-5	85		117
8	8	1/8	1/8	4/4	1	1	1/48		1/32	2/3		-1	89		118
8	8	7/48	7/48	4/4	1	1	1/48		1/32	2/3		-3	87		119
8	8	1/6	1/6	4/4	1	2	1/12		1/8	2/3		-3	63		131
8	8	1/6	1/6	4/4	1	2	1/12		1/8	2/3		-6	66		131
8	8	1/6	1/6	4/4	1	1	1/16		1/16	1		-2	82		120
8	8	11/48	11/48	4/4	1	1	1/48		1/32	2/3		-3	75		121
8	8	1/4	1/4	4/4	2	1	1/4		1/4	1		-2	46		140
8	8	1/4	1/4	4/4	2	1	1/4		1/4	1		-1	53		140
8	8	1/4	1/4	4/4	1	1	1/2		1/2	1		-4	80		122
8	8	1/3	1/3	4/4	1	2	1/12		1/8	2/3		4	64		132
8	8	1/3	1/3	4/4	1	2	1/12		1/8	2/3		-7	71		132
8	8	5/12	5/12	4/4	1	2	1/12		1/8	2/3		-1	65		133
8	8	5/12	5/12	4/4	1	2	1/12		1/8	2/3		-4	68		133
8	8	1/2	1/2	4/4	2	1	1/2		1/2	1		-4	44		141
8	8	1/2	1/2	4/4	2	1	1/2		1/2	1		-3	51		141
8	8	7/12	7/12	4/4	1	2	1/12		1/8	2/3		2	62		134
8	8	7/12	7/12	4/4	1	2	1/12		1/8	2/3		-2	70		134
8	8	2/3	2/3	4/4	1	2	1/12		1/8	2/3	1	-3	63		135
8	8	2/3	2/3	4/4	1	2	1/12		1/8	2/3	1	-6	66		135
8	8	3/4	3/4	4/4	1	2	1/12		1/8	2/3	-1	-3	63		136
8	8	3/4	3/4	4/4	1	2	1/12		1/8	2/3	-1	-6	66		136
8	8	5/6	5/6	4/4	1	2	1/12		1/8	2/3		2	62		137
8	8	5/6	5/6	4/4	1	2	1/12		1/8	2/3		-2	70		137
8	8	5/6	5/6	4/4	1	1	1/48		1/32	2/3		-6	78		123
8	8	41/48	41/48	4/4	1	1	1/48		1/32	2/3		-5	85		124
8	8	7/8	7/8	4/4	1	1	1/48		1/32	2/3		-1	89		125
8	8	43/48	43/48	4/4	1	1	1/48		1/32	2/3		-3	87		126
8	8	11/12	11/12	4/4	1	2	1/12		1/8	2/3		-3	63		138
8	8	11/12	11/12	4/4	1	2	1/12		1/8	2/3		-6	66		138
8	8	11/12	11/12	4/4	1	1	1/16		1/16	1		-2	82		127
8	8	47/48	47/48	4/4	1	1	1/48		1/32	2/3		-3	75		128
9	9	0	0	2/4	2	1	1/4		1/4	1		-2	46		147
9	9	0	0	2/4	2	1	1/4		1/4	1		-1	53		147
9	9	0	0	2/4	1	1	1/2		1/2	1		-4	80		142
9	9	1/12	1/12	2/4	1	2	1/12		1/8	2/3		4	64		143
9	9	1/12	1/12	2/4	1	2	1/12		1/8	2/3		-7	71		143
9	9	1/6	1/6	2/4	1	2	1/12		1/8	2/3		-1	65		144
9	9	1/6	1/6	2/4	1	2	1/12		1/8	2/3		-4	68		144
9	9	1/4	1/4	2/4	2	1	1/4		1/4	1		-4	44		148
9	9	1/4	1/4	2/4	2	1	1/4		1/4	1		-3	51		148
9	9	1/3	1/3	2/4	1	2	1/12		1/8	2/3		2	62		145
9	9	1/3	1/3	2/4	1	2	1/12		1/8	2/3		-2	70		145
9	9	5/12	5/12	2/4	1	2	1/12		1/8	2/3		-3	63		146
9	9	5/12	5/12	2/4	1	2	1/12		1/8	2/3		-6	66		146
10	10	0	0	4/4	2	1	1		1	1		6	42		164
10	10	0	0	4/4	2	1	1		1	1		7	49		164
10	10	0	0	4/4	1	1	1/8		1/8	1		10	58		149
10	10	0	0	4/4	1	1	1/8		1/8	1		4	64		149
10	10	0	0	4/4	1	1	1/8		1/8	1		1	67		149
10	10	0	0	4/4	1	1	1/8		1/8	1		9	75		149
10	10	1/12	1/12	4/4	1	2	1/12		1/8	2/3		7	61		153
10	10	1/12	1/12	4/4	1	2	1/12		1/8	2/3		3	69		153
10	10	1/8	1/8	4/4	1	1	3/8		1/4	3/2		9	75		150
10	10	1/6	1/6	4/4	1	2	1/12		1/8	2/3	1	10	58		154
10	10	1/6	1/6	4/4	1	2	1/12		1/8	2/3	1	1	67		154
10	10	1/4	1/4	4/4	1	2	1/12		1/8	2/3	-1	10	58		155
10	10	1/4	1/4	4/4	1	2	1/12		1/8	2/3	-1	1	67		155
10	10	1/3	1/3	4/4	1	2	1/12		1/8	2/3		7	61		156
10	10	1/3	1/3	4/4	1	2	1/12		1/8	2/3		3	69		156
10	10	5/12	5/12	4/4	1	2	1/12		1/8	2/3	1	10	58		157
10	10	5/12	5/12	4/4	1	2	1/12		1/8	2/3	1	1	67		157
10	10	1/2	1/2	4/4	1	2	1/12		1/8	2/3	-1	10	58		158
10	10	1/2	1/2	4/4	1	2	1/12		1/8	2/3	-1	1	67		158
10	10	1/2	1/2	4/4	1	1	1/8		1/8	1		9	75		151
10	10	7/12	7/12	4/4	1	2	1/12		1/8	2/3		7	61		159
10	10	7/12	7/12	4/4	1	2	1/12		1/8	2/3		3	69		159
10	10	5/8	5/8	4/4	1	1	3/8		1/4	3/2		9	75		152
10	10	2/3	2/3	4/4	1	2	1/12		1/8	2/3	1	10	58		160
10	10	2/3	2/3	4/4	1	2	1/12		1/8	2/3	1	1	67		160
10	10	3/4	3/4	4/4	1	2	1/12		1/8	2/3	-1	10	58		161
10	10	3/4	3/4	4/4	1	2	1/12		1/8	2/3	-1	1	67		161
10	10	5/6	5/6	4/4	1	2	1/12		1/8	2/3		7	61		162
10	10	5/6	5/6	4/4	1	2	1/12		1/8	2/3		3	69		162
10	10	11/12	11/12	4/4	1	2	1/12		1/8	2/3	1	10	58		163
10	10	11/12	11/12	4/4	1	2	1/12		1/8	2/3	1	1	67		163
11	11	0	0	4/4	2	1	1/12		1/8	2/3		6	30		176
11	11	0	0	4/4	2	1	1/12		1/8	2/3		6	42		176
11	11	0	0	4/4	1	1	1/12		1/8	2/3	-1	10	58		165
11	11	0	0	4/4	1	1	1/12		1/8	2/3	-1	1	67		165
11	11	1/12	1/12	4/4	2	1	1/12		1/8	2/3		7	49		177
11	11	1/12	1/12	4/4	1	1	1/12		1/8	2/3		4	64		166
11	11	1/12	1/12	4/4	1	1	1/12		1/8	2/3		3	69		166
11	11	1/6	1/6	4/4	2	1	1/12		1/8	2/3		4	52		178
11	11	1/6	1/6	4/4	1	1	1/12		1/8	2/3	1	10	58		167
11	11	1/6	1/6	4/4	1	1	1/12		1/8	2/3	1	1	67		167
11	11	1/4	1/4	4/4	2	1	1/12		1/8	2/3		6	54		179
11	11	1/4	1/4	4/4	1	1	1/12		1/8	2/3	-1	10	58		168
11	11	1/4	1/4	4/4	1	1	1/12		1/8	2/3	-1	1	67		168
11	11	1/3	1/3	4/4	2	1	1/12		1/8	2/3		7	61		180
11	11	1/3	1/3	4/4	1	1	1/12		1/8	2/3		4	64		169
11	11	1/3	1/3	4/4	1	1	1/12		1/8	2/3		3	69		169
11	11	5/12	5/12	4/4	1	1	1/12		1/8	2/3		10	58		170
11	11	5/12	5/12	4/4	2	1	1/12		1/8	2/3		9	63		181
11	11	5/12	5/12	4/4	1	1	1/12		1/8	2/3		1	67		170
11	11	1/2	1/2	4/4	2	1	1/12		1/8	2/3		6	54		182
11	11	7/12	7/12	4/4	2	1	1/12		1/8	2/3		7	61		183
11	11	7/12	7/12	4/4	1	1	1/12		1/8	2/3		4	76		171
11	11	7/12	7/12	4/4	1	1	1/12		1/8	2/3		3	81		171
11	11	2/3	2/3	4/4	2	1	1/12		1/8	2/3		4	64		184
11	11	2/3	2/3	4/4	1	1	1/12		1/8	2/3	1	10	70		172
11	11	2/3	2/3	4/4	1	1	1/12		1/8	2/3	1	1	79		172
11	11	3/4	3/4	4/4	2	1	1/12		1/8	2/3		6	66		185
11	11	3/4	3/4	4/4	1	1	1/12		1/8	2/3	-1	10	70		173
11	11	3/4	3/4	4/4	1	1	1/12		1/8	2/3	-1	1	79		173
11	11	5/6	5/6	4/4	2	1	1/12		1/8	2/3		7	73		186
11	11	5/6	5/6	4/4	1	1	1/12		1/8	2/3		4	76		174
11	11	5/6	5/6	4/4	1	1	1/12		1/8	2/3		3	81		174
11	11	11/12	11/12	4/4	1	1	1/12		1/8	2/3	1	10	70		175
11	11	11/12	11/12	4/4	2	1	1/12		1/8	2/3		9	75		187
11	11	11/12	11/12	4/4	1	1	1/12		1/8	2/3	1	1	79		175
12	12	0	0	4/4	2	2	1/12		1/8	2/3		6	66		207
12	12	0	0	4/4	1	1	1/8		1/8	1	-1	10	70		188
12	12	0	0	4/4	1	1	1/8		1/8	1	-1	1	79		188
12	12	1/12	1/12	4/4	2	2	1/12		1/8	2/3		7	73		208
12	12	1/8	1/8	4/4	1	1	1/12		1/8	2/3		4	76		189
12	12	1/8	1/8	4/4	1	1	1/12		1/8	2/3		3	81		189
12	12	1/6	1/6	4/4	2	2	1/12		1/8	2/3		9	75		209
12	12	5/24	5/24	4/4	1	1	1/24		1/16	2/3	1	10	70		190
12	12	5/24	5/24	4/4	1	1	1/24		1/16	2/3	1	1	79		190
12	12	1/4	1/4	4/4	1	1	1/24		1/16	2/3	-1	10	70		191
12	12	1/4	1/4	4/4	1	1	1/24		1/16	2/3	-1	1	79		191
12	12	1/4	1/4	4/4	2	2	1/12		1/8	2/3		10	82		210
12	12	1/4	1/4	4/4	2	1	1/8		1/8	1		10	82		203
12	12	7/24	7/24	4/4	1	1	1/12		1/8	2/3		4	76		192
12	12	7/24	7/24	4/4	1	1	1/12		1/8	2/3		3	81		192
12	12	1/3	1/3	4/4	2	2	1/12		1/8	2/3		7	73		211
12	12	3/8	3/8	4/4	1	1	1/12		1/8	2/3		10	70		193
12	12	3/8	3/8	4/4	1	1	1/12		1/8	2/3		1	79		193
12	12	3/8	3/8	4/4	2	1	1/8		1/8	1		10	82		204
12	12	5/12	5/12	4/4	2	2	1/12		1/8	2/3		9	75		212
12	12	11/24	11/24	4/4	1	1	1/24		1/16	2/3	1	4	76		194
12	12	11/24	11/24	4/4	1	1	1/24		1/16	2/3	1	3	81		194
12	12	1/2	1/2	4/4	2	2	1/12		1/8	2/3		6	66		213
12	12	1/2	1/2	4/4	1	1	1/24		1/16	2/3	-1	4	76		195
12	12	1/2	1/2	4/4	1	1	1/24		1/16	2/3	-1	3	81		195
12	12	13/24	13/24	4/4	1	1	1/12		1/8	2/3		10	70		196
12	12	13/24	13/24	4/4	1	1	1/12		1/8	2/3		1	79		196
12	12	7/12	7/12	4/4	2	2	1/12		1/8	2/3		7	73		214
12	12	5/8	5/8	4/4	1	1	1/12		1/8	2/3		4	76		197
12	12	5/8	5/8	4/4	1	1	1/12		1/8	2/3		3	81		197
12	12	2/3	2/3	4/4	2	2	1/12		1/8	2/3		9	75		215
12	12	17/24	17/24	4/4	1	1	1/24		1/16	2/3	1	10	70		198
12	12	17/24	17/24	4/4	1	1	1/24		1/16	2/3	1	1	79		198
12	12	3/4	3/4	4/4	1	1	1/24		1/16	2/3	-1	10	70		199
12	12	3/4	3/4	4/4	1	1	1/24		1/16	2/3	-1	1	79		199
12	12	3/4	3/4	4/4	2	2	1/12		1/8	2/3		10	82		216
12	12	3/4	3/4	4/4	2	1	1/8		1/8	1		10	82		205
12	12	19/24	19/24	4/4	1	1	1/12		1/8	2/3		4	76		200
12	12	19/24	19/24	4/4	1	1	1/12		1/8	2/3		3	81		200
12	12	5/6	5/6	4/4	2	2	1/12		1/8	2/3		7	73		217
12	12	7/8	7/8	4/4	1	1	1/12		1/8	2/3		10	70		201
12	12	7/8	7/8	4/4	1	1	1/12		1/8	2/3		1	79		201
12	12	7/8	7/8	4/4	2	1	1/8		1/8	1		10	82		206
12	12	11/12	11/12	4/4	2	2	1/12		1/8	2/3		9	75		218
12	12	23/24	23/24	4/4	1	1	1/24		1/16	2/3		4	76		202
12	12	23/24	23/24	4/4	1	1	1/24		1/16	2/3		3	81		202
13	13	0	0	4/4	2	1	1/36		1/16	4/9		7	73		219
13	13	0	0	4/4	2	2	1/12		1/8	2/3		7	73		234
13	13	1/36	1/36	4/4	2	1	1/36		1/16	4/9		1	79		220
13	13	1/18	1/18	4/4	2	1	1/36		1/16	4/9		10	82		221
13	13	1/12	1/12	4/4	2	1	1/24		1/16	2/3		9	75		222
13	13	1/12	1/12	4/4	2	2	1/12		1/8	2/3		9	75		235
13	13	1/8	1/8	4/4	2	1	1/24		1/16	2/3		3	81		223
13	13	1/8	1/8	4/4	2	1	1/24		1/16	2/3		7	85		223
13	13	1/6	1/6	4/4	2	1	1/36		1/16	4/9		7	73		224
13	13	1/6	1/6	4/4	2	2	1/12		1/8	2/3		7	73		236
13	13	7/36	7/36	4/4	2	1	1/36		1/16	4/9		1	79		225
13	13	2/9	2/9	4/4	2	1	1/36		1/16	4/9		10	82		226
13	13	1/4	1/4	4/4	2	1	1/24		1/16	2/3		9	75		227
13	13	1/4	1/4	4/4	2	2	1/12		1/8	2/3		9	75		237
13	13	7/24	7/24	4/4	2	1	1/24		1/16	2/3		3	81		228
13	13	7/24	7/24	4/4	2	1	1/24		1/16	2/3		7	85		228
13	13	1/3	1/3	4/4	2	1	1/36		1/16	4/9		7	73		229
13	13	1/3	1/3	4/4	2	2	1/12		1/8	2/3		7	73		238
13	13	13/36	13/36	4/4	2	1	1/36		1/16	4/9		1	79		230
13	13	7/18	7/18	4/4	2	1	1/36		1/16	4/9		10	82		231
13	13	5/12	5/12	4/4	2	1	1/24		1/16	2/3		9	75		232
13	13	5/12	5/12	4/4	2	2	1/12		1/8	2/3		9	75		239
13	13	11/24	11/24	4/4	2	1	1/24		1/16	2/3		3	81		233
13	13	11/24	11/24	4/4	2	1	1/24		1/16	2/3		7	85		233
14	14	0	1/2	4/4	2	1	1/36		1/16	4/9		7	73		248
14	14	0	1/2	4/4	2	2	1/12		1/8	2/3		7	73		263
14	14	1/40	21/40	4/4	1	2	1/120		1/16	2/15	1	3	81		244
14	14	1/36	19/36	4/4	2	1	1/36		1/16	4/9		1	79		249
14	14	1/30	8/15	4/4	1	2	1/120		1/16	2/15	1	4	76		245
14	14	1/24	13/24	4/4	1	1	1/24		1/16	2/3		3	69		240
14	14	1/24	13/24	4/4	1	1	1/24		1/16	2/3	-1	4	76		240
14	14	1/24	13/24	4/4	1	1	1/24		1/16	2/3	-1	3	81		240
14	14	1/18	5/9	4/4	2	1	1/36		1/16	4/9		10	82		250
14	14	1/15	17/30	4/4	1	2	1/120		1/16	2/15	1	0	84		246
14	14	3/40	23/40	4/4	1	2	1/120		1/16	2/15	1	1	79		247
14	14	1/12	7/12	4/4	1	1	1/12		1/8	2/3		0	72		241
14	14	1/12	7/12	4/4	2	1	1/24		1/16	2/3		9	75		251
14	14	1/12	7/12	4/4	2	2	1/12		1/8	2/3		9	75		264
14	14	1/12	7/12	4/4	1	1	1/12		1/8	2/3	-1	1	79		241
14	14	1/12	7/12	4/4	1	1	1/12		1/8	2/3	-1	0	84		241
14	14	1/8	5/8	4/4	2	1	1/24		1/16	2/3		3	81		252
14	14	1/8	5/8	4/4	2	1	1/24		1/16	2/3		7	85		252
14	14	1/6	2/3	4/4	2	1	1/36		1/16	4/9		7	73		253
14	14	1/6	2/3	4/4	2	2	1/12		1/8	2/3		7	73		265
14	14	7/36	25/36	4/4	2	1	1/36		1/16	4/9		1	79		254
14	14	5/24	17/24	4/4	1	1	1/24		1/16	2/3	1	6	66		242
14	14	2/9	13/18	4/4	2	1	1/36		1/16	4/9		10	82		255
14	14	1/4	3/4	4/4	1	1	1/4		1/4	1	-1	6	66		243
14	14	1/4	3/4	4/4	2	1	1/24		1/16	2/3		9	75		256
14	14	1/4	3/4	4/4	2	2	1/12		1/8	2/3		9	75		266
14	14	7/24	19/24	4/4	2	1	1/24		1/16	2/3		3	81		257
14	14	7/24	19/24	4/4	2	1	1/24		1/16	2/3		7	85		257
14	14	1/3	5/6	4/4	2	1	1/36		1/16	4/9		7	73		258
14	14	1/3	5/6	4/4	2	2	1/12		1/8	2/3		7	73		267
14	14	13/36	31/36	4/4	2	1	1/36		1/16	4/9		1	79		259
14	14	7/18	8/9	4/4	2	1	1/36		1/16	4/9		10	82		260
14	14	5/12	11/12	4/4	2	1	1/24		1/16	2/3		9	75		261
14	14	5/12	11/12	4/4	2	2	1/12		1/8	2/3		9	75		268
14	14	11/24	23/24	4/4	2	1	1/24		1/16	2/3		3	81		262
14	14	11/24	23/24	4/4	2	1	1/24		1/16	2/3		7	85		262
15	15	0	0	4/4	2	1	1/36		1/16	4/9		7	73		277
15	15	0	0	4/4	2	2	1/12		1/8	2/3		7	73		292
15	15	1/40	1/40	4/4	1	2	1/120		1/16	2/15	1	3	81		273
15	15	1/36	1/36	4/4	2	1	1/36		1/16	4/9		1	79		278
15	15	1/30	1/30	4/4	1	2	1/120		1/16	2/15	1	4	76		274
15	15	1/24	1/24	4/4	1	1	1/24		1/16	2/3		3	69		269
15	15	1/24	1/24	4/4	1	1	1/24		1/16	2/3	-1	4	76		269
15	15	1/24	1/24	4/4	1	1	1/24		1/16	2/3	-1	3	81		269
15	15	1/18	1/18	4/4	2	1	1/36		1/16	4/9		10	82		279
15	15	1/15	1/15	4/4	1	2	1/120		1/16	2/15	1	0	84		275
15	15	3/40	3/40	4/4	1	2	1/120		1/16	2/15	1	1	79		276
15	15	1/12	1/12	4/4	1	1	1/12		1/8	2/3		0	72		270
15	15	1/12	1/12	4/4	2	1	1/24		1/16	2/3		9	75		280
15	15	1/12	1/12	4/4	2	2	1/12		1/8	2/3		9	75		293
15	15	1/12	1/12	4/4	1	1	1/12		1/8	2/3	-1	1	79		270
15	15	1/12	1/12	4/4	1	1	1/12		1/8	2/3	-1	0	84		270
15	15	1/8	1/8	4/4	2	1	1/24		1/16	2/3		3	81		281
15	15	1/8	1/8	4/4	2	1	1/24		1/16	2/3		7	85		281
15	15	1/6	1/6	4/4	2	1	1/36		1/16	4/9		7	73		282
15	15	1/6	1/6	4/4	2	2	1/12		1/8	2/3		7	73		294
15	15	7/36	7/36	4/4	2	1	1/36		1/16	4/9		1	79		283
15	15	5/24	5/24	4/4	1	1	1/24		1/16	2/3	1	6	66		271
15	15	2/9	2/9	4/4	2	1	1/36		1/16	4/9		10	82		284
15	15	1/4	1/4	4/4	1	1	1/4		1/4	1	0	6	66		272
15	15	1/4	1/4	4/4	2	1	1/24		1/16	2/3		9	75		285
15	15	1/4	1/4	4/4	2	2	1/12		1/8	2/3		9	75		295
15	15	7/24	7/24	4/4	2	1	1/24		1/16	2/3		3	81		286
15	15	7/24	7/24	4/4	2	1	1/24		1/16	2/3		7	85		286
15	15	1/3	1/3	4/4	2	1	1/36		1/16	4/9		7	73		287
15	15	1/3	1/3	4/4	2	2	1/12		1/8	2/3		7	73		296
15	15	13/36	13/36	4/4	2	1	1/36		1/16	4/9		1	79		288
15	15	7/18	7/18	4/4	2	1	1/36		1/16	4/9		10	82		289
15	15	5/12	5/12	4/4	2	1	1/24		1/16	2/3		9	75		290
15	15	5/12	5/12	4/4	2	2	1/12		1/8	2/3		9	75		297
15	15	11/24	11/24	4/4	2	1	1/24		1/16	2/3		3	81		291
15	15	11/24	11/24	4/4	2	1	1/24		1/16	2/3		7	85		291
16	16	0	1/2	4/4	2	1	1/36		1/16	4/9		7	73		299
16	16	0	1/2	4/4	2	2	1/12		1/8	2/3		7	73		314
16	16	1/36	19/36	4/4	2	1	1/36		1/16	4/9		1	79		300
16	16	1/18	5/9	4/4	2	1	1/36		1/16	4/9		10	82		301
16	16	1/12	7/12	4/4	2	1	1/24		1/16	2/3		9	75		302
16	16	1/12	7/12	4/4	2	2	1/12		1/8	2/3		9	75		315
16	16	1/8	5/8	4/4	2	1	1/24		1/16	2/3		3	81		303
16	16	1/8	5/8	4/4	2	1	1/24		1/16	2/3		7	85		303
16	16	1/6	2/3	4/4	2	1	1/36		1/16	4/9		7	73		304
16	16	1/6	2/3	4/4	2	2	1/12		1/8	2/3		7	73		316
16	16	7/36	25/36	4/4	2	1	1/36		1/16	4/9		1	79		305
16	16	2/9	13/18	4/4	2	1	1/36		1/16	4/9		10	82		306
16	16	1/4	3/4	4/4	1	1	1/4		1/4	1	-1	6	66		298
16	16	1/4	3/4	4/4	2	1	1/24		1/16	2/3		9	75		307
16	16	1/4	3/4	4/4	2	2	1/12		1/8	2/3		9	75		317
16	16	7/24	19/24	4/4	2	1	1/24		1/16	2/3		3	81		308
16	16	7/24	19/24	4/4	2	1	1/24		1/16	2/3		7	85		308
16	16	1/3	5/6	4/4	2	1	1/36		1/16	4/9		7	73		309
16	16	1/3	5/6	4/4	2	2	1/12		1/8	2/3		7	73		318
16	16	13/36	31/36	4/4	2	1	1/36		1/16	4/9		1	79		310
16	16	7/18	8/9	4/4	2	1	1/36		1/16	4/9		10	82		311
16	16	5/12	11/12	4/4	2	1	1/24		1/16	2/3		9	75		312
16	16	5/12	11/12	4/4	2	2	1/12		1/8	2/3		9	75		319
16	16	11/24	23/24	4/4	2	1	1/24		1/16	2/3		3	81		313
16	16	11/24	23/24	4/4	2	1	1/24		1/16	2/3		7	85		313
17	17	0	0	4/4	1	1	1/32		1/32	1		4	76		320
17	17	0	0	4/4	1	1	1/32		1/32	1		-1	77		320
17	17	1/32	1/32	4/4	1	1	1/32		1/32	1		8	80		321
17	17	1/16	1/16	4/4	2	2	1/48		1/32	2/3		4	64		342
17	17	1/16	1/16	4/4	2	1	1/12		1/8	2/3		4	64		339
17	17	1/16	1/16	4/4	1	1	1/48		1/32	2/3		4	88		322
17	17	1/12	1/12	4/4	2	2	1/48		1/32	2/3		8	68		343
17	17	1/12	1/12	4/4	1	1	1/48		1/32	2/3		4	88		323
17	17	5/48	5/48	4/4	2	2	1/48		1/32	2/3		5	71		344
17	17	5/48	5/48	4/4	1	1	1/48		1/32	2/3		4	88		324
17	17	1/8	1/8	4/4	2	2	1/48		1/32	2/3		4	76		345
17	17	1/8	1/8	4/4	1	1	1/48		1/32	2/3		4	88		325
17	17	7/48	7/48	4/4	2	2	1/48		1/32	2/3		-1	77		346
17	17	7/48	7/48	4/4	2	1	1/12		1/8	2/3		-1	77		340
17	17	7/48	7/48	4/4	1	1	1/24		1/16	2/3		4	88		326
17	17	1/6	1/6	4/4	2	2	1/48		1/32	2/3		8	80		347
17	17	3/16	3/16	4/4	2	2	1/48		1/32	2/3		-1	89		348
17	17	5/24	5/24	4/4	2	2	1/48		1/32	2/3		8	80		349
17	17	11/48	11/48	4/4	2	2	1/48		1/32	2/3		4	76		350
17	17	11/48	11/48	4/4	2	1	1/12		1/8	2/3		4	76		341
17	17	1/4	1/4	4/4	2	2	1/48		1/32	2/3		5	71		351
17	17	13/48	13/48	4/4	2	2	1/48		1/32	2/3		8	68		352
17	17	7/24	7/24	4/4	2	2	1/48		1/32	2/3		4	64		353
17	17	5/16	5/16	4/4	1	1	1/48		1/32	2/3		1	67		327
17	17	5/16	5/16	4/4	1	1	1/48		1/32	2/3		5	71		327
17	17	5/16	5/16	4/4	1	1	1/48		1/32	2/3		2	74		327
17	17	5/16	5/16	4/4	1	1	1/48		1/32	2/3		1	79		327
17	17	1/3	1/3	4/4	1	1	1/48		1/32	2/3		8	80		328
17	17	17/48	17/48	4/4	1	1	1/48		1/32	2/3		5	83		329
17	17	17/48	17/48	4/4	1	1	1/48		1/32	2/3		1	91		329
17	17	3/8	3/8	4/4	1	1	1/48		1/32	2/3		8	80		330
17	17	19/48	19/48	4/4	1	1	1/48		1/32	2/3		4	64		331
17	17	19/48	19/48	4/4	1	1	1/48		1/32	2/3		8	68		331
17	17	19/48	19/48	4/4	1	1	1/48		1/32	2/3		5	71		331
17	17	19/48	19/48	4/4	1	1	1/48		1/32	2/3		4	76		331
17	17	5/12	5/12	4/4	1	1	1/48		1/32	2/3		11	77		332
17	17	7/16	7/16	4/4	1	1	1/48		1/32	2/3		8	80		333
17	17	7/16	7/16	4/4	1	1	1/48		1/32	2/3		4	88		333
17	17	11/24	11/24	4/4	1	1	1/48		1/32	2/3		11	77		334
17	17	23/48	23/48	4/4	1	1	1/48		1/32	2/3		3	69		335
17	17	23/48	23/48	4/4	1	1	1/48		1/32	2/3		7	73		335
17	17	23/48	23/48	4/4	1	1	1/48		1/32	2/3		4	76		335
17	17	23/48	23/48	4/4	1	1	1/48		1/32	2/3		3	81		335
17	17	1/2	1/2	4/4	1	1	1/48		1/32	2/3		10	82		336
17	17	25/48	25/48	4/4	1	1	1/48		1/32	2/3		7	85		337
17	17	25/48	25/48	4/4	1	1	1/48		1/32	2/3		3	93		337
17	17	13/24	13/24	4/4	1	1	1/48		1/32	2/3		10	82		338
18	18	0	1/2	4/4	1	1	1/48		1/32	2/3		4	64		354
18	18	0	1/2	4/4	1	1	1/48		1/32	2/3		8	68		354
18	18	0	1/2	4/4	1	1	1/48		1/32	2/3		5	71		354
18	18	0	1/2	4/4	1	1	1/48		1/32	2/3		4	76		354
18	18	1/48	25/48	4/4	1	1	1/48		1/32	2/3		11	77		355
18	18	1/24	13/24	4/4	1	1	1/48		1/32	2/3		8	80		356
18	18	1/24	13/24	4/4	1	1	1/48		1/32	2/3		4	88		356
18	18	1/16	9/16	4/4	1	1	1/48		1/32	2/3		11	77		357
18	18	1/12	7/12	4/4	1	1	1/48		1/32	2/3		5	71		358
18	18	1/12	7/12	4/4	1	1	1/48		1/32	2/3		9	75		358
18	18	1/12	7/12	4/4	1	1	1/48		1/32	2/3		6	78		358
18	18	1/12	7/12	4/4	1	1	1/48		1/32	2/3		5	83		358
18	18	5/48	29/48	4/4	1	1	1/48		1/32	2/3		12	84		359
18	18	1/8	5/8	4/4	1	1	1/48		1/32	2/3		9	87		360
18	18	1/8	5/8	4/4	1	1	1/48		1/32	2/3		6	90		360
18	18	1/8	5/8	4/4	1	1	1/48		1/32	2/3		5	95		360
18	18	7/48	31/48	4/4	1	1	1/48		1/32	2/3		12	84		361
18	18	1/6	2/3	4/4	1	1	1/48		1/32	2/3		3	69		362
18	18	1/6	2/3	4/4	1	1	1/48		1/32	2/3		7	73		362
18	18	1/6	2/3	4/4	1	1	1/48		1/32	2/3		11	77		362
18	18	1/6	2/3	4/4	1	1	1/48		1/32	2/3		3	81		362
18	18	3/16	11/16	4/4	1	1	1/48		1/32	2/3		10	82		363
18	18	5/24	17/24	4/4	1	1	1/48		1/32	2/3		7	85		364
18	18	5/24	17/24	4/4	1	1	1/48		1/32	2/3		4	88		364
18	18	5/24	17/24	4/4	1	1	1/48		1/32	2/3		3	93		364
18	18	11/48	35/48	4/4	1	1	1/48		1/32	2/3		10	82		365
18	18	1/4	3/4	4/4	1	1	1/48		1/32	2/3		5	71		366
18	18	1/4	3/4	4/4	1	1	1/48		1/32	2/3		9	75		366
18	18	1/4	3/4	4/4	1	1	1/48		1/32	2/3		6	78		366
18	18	1/4	3/4	4/4	1	1	1/48		1/32	2/3		5	83		366
18	18	13/48	37/48	4/4	1	1	1/48		1/32	2/3		12	84		367
18	18	7/24	19/24	4/4	1	1	1/48		1/32	2/3		9	87		368
18	18	7/24	19/24	4/4	1	1	1/48		1/32	2/3		6	90		368
18	18	7/24	19/24	4/4	1	1	1/48		1/32	2/3		5	95		368
18	18	5/16	13/16	4/4	1	1	1/48		1/32	2/3		12	84		369
18	18	1/3	5/6	4/4	1	1	1/48		1/32	2/3		3	69		370
18	18	1/3	5/6	4/4	1	1	1/48		1/32	2/3		7	73		370
18	18	1/3	5/6	4/4	1	1	1/48		1/32	2/3		11	77		370
18	18	1/3	5/6	4/4	1	1	1/48		1/32	2/3		3	81		370
18	18	17/48	41/48	4/4	1	1	1/48		1/32	2/3		10	82		371
18	18	3/8	7/8	4/4	1	1	1/48		1/32	2/3		7	85		372
18	18	3/8	7/8	4/4	1	1	1/48		1/32	2/3		4	88		372
18	18	3/8	7/8	4/4	1	1	1/48		1/32	2/3		3	93		372
18	18	19/48	43/48	4/4	1	1	1/48		1/32	2/3		10	82		373
18	18	5/12	11/12	4/4	1	1	1/48		1/32	2/3		1	67		374
18	18	5/12	11/12	4/4	1	1	1/48		1/32	2/3		5	71		374
18	18	5/12	11/12	4/4	1	1	1/48		1/32	2/3		2	74		374
18	18	5/12	11/12	4/4	1	1	1/48		1/32	2/3		1	79		374
18	18	7/16	15/16	4/4	1	1	1/48		1/32	2/3		8	80		375
18	18	11/24	23/24	4/4	1	1	1/48		1/32	2/3		5	83		376
18	18	11/24	23/24	4/4	1	1	1/48		1/32	2/3		2	86		376
18	18	11/24	23/24	4/4	1	1	1/48		1/32	2/3		1	91		376
18	18	23/48	47/48	4/4	1	1	1/48		1/32	2/3		8	80		377
19	19	0	0	4/4	1	1	1/48		1/32	2/3		4	64		378
19	19	0	0	4/4	1	1	1/48		1/32	2/3		8	68		378
19	19	0	0	4/4	1	1	1/48		1/32	2/3		5	71		378
19	19	0	0	4/4	1	1	1/48		1/32	2/3		4	76		378
19	19	1/48	1/48	4/4	1	1	1/48		1/32	2/3		11	77		379
19	19	1/24	1/24	4/4	1	1	1/48		1/32	2/3		8	80		380
19	19	1/24	1/24	4/4	1	1	1/48		1/32	2/3		5	83		380
19	19	1/24	1/24	4/4	1	1	1/48		1/32	2/3		4	88		380
19	19	1/16	1/16	4/4	1	1	1/48		1/32	2/3		11	77		381
19	19	1/12	1/12	4/4	1	1	1/48		1/32	2/3		5	59		382
19	19	1/12	1/12	4/4	1	1	1/48		1/32	2/3		9	63		382
19	19	1/12	1/12	4/4	1	1	1/48		1/32	2/3		6	66		382
19	19	1/12	1/12	4/4	1	1	1/48		1/32	2/3		5	71		382
19	19	5/48	5/48	4/4	1	1	1/48		1/32	2/3		12	72		383
19	19	1/8	1/8	4/4	1	1	1/48		1/32	2/3		9	75		384
19	19	1/8	1/8	4/4	1	1	1/48		1/32	2/3		6	78		384
19	19	1/8	1/8	4/4	1	1	1/48		1/32	2/3		5	83		384
19	19	7/48	7/48	4/4	1	1	1/48		1/32	2/3		12	72		385
19	19	1/6	1/6	4/4	1	1	1/48		1/32	2/3		3	57		386
19	19	1/6	1/6	4/4	1	1	1/48		1/32	2/3		7	61		386
19	19	1/6	1/6	4/4	1	1	1/48		1/32	2/3		4	64		386
19	19	1/6	1/6	4/4	1	1	1/48		1/32	2/3		3	69		386
19	19	3/16	3/16	4/4	1	1	1/48		1/32	2/3		10	70		387
19	19	5/24	5/24	4/4	1	1	1/48		1/32	2/3		7	73		388
19	19	5/24	5/24	4/4	1	1	1/48		1/32	2/3		4	76		388
19	19	5/24	5/24	4/4	1	1	1/48		1/32	2/3		3	81		388
19	19	11/48	11/48	4/4	1	1	1/48		1/32	2/3		10	70		389
20	20	0	1/4	4/4	1	1	1/48		1/32	2/3		5	59		390
20	20	0	1/4	4/4	1	1	1/48		1/32	2/3		9	63		390
20	20	0	1/4	4/4	1	1	1/48		1/32	2/3		6	66		390
20	20	0	1/4	4/4	1	1	1/48		1/32	2/3		5	71		390
20	20	1/48	13/48	4/4	1	1	1/48		1/32	2/3		12	72		391
20	20	1/24	7/24	4/4	1	1	1/48		1/32	2/3		9	75		392
20	20	1/24	7/24	4/4	1	1	1/48		1/32	2/3		6	78		392
20	20	1/24	7/24	4/4	1	1	1/48		1/32	2/3		5	83		392
20	20	1/16	5/16	4/4	1	1	1/48		1/32	2/3		12	72		393
20	20	1/12	1/3	4/4	1	1	1/48		1/32	2/3		3	57		394
20	20	1/12	1/3	4/4	1	1	1/48		1/32	2/3		7	61		394
20	20	1/12	1/3	4/4	1	1	1/48		1/32	2/3		4	64		394
20	20	1/12	1/3	4/4	1	1	1/48		1/32	2/3		3	69		394
20	20	5/48	17/48	4/4	1	1	1/48		1/32	2/3		10	70		395
20	20	1/8	3/8	4/4	1	1	1/48		1/32	2/3		7	73		396
20	20	1/8	3/8	4/4	1	1	1/48		1/32	2/3		4	76		396
20	20	1/8	3/8	4/4	1	1	1/48		1/32	2/3		3	81		396
20	20	7/48	19/48	4/4	1	1	1/48		1/32	2/3		10	70		397
20	20	1/6	5/12	4/4	1	1	1/48		1/32	2/3		1	55		398
20	20	1/6	5/12	4/4	1	1	1/48		1/32	2/3		5	59		398
20	20	1/6	5/12	4/4	1	1	1/48		1/32	2/3		2	62		398
20	20	1/6	5/12	4/4	1	1	1/48		1/32	2/3		1	67		398
20	20	3/16	7/16	4/4	1	1	1/48		1/32	2/3		8	68		399
20	20	5/24	11/24	4/4	1	1	1/48		1/32	2/3		5	71		400
20	20	5/24	11/24	4/4	1	1	1/48		1/32	2/3		2	74		400
20	20	5/24	11/24	4/4	1	1	1/48		1/32	2/3		1	79		400
20	20	11/48	23/48	4/4	1	1	1/48		1/32	2/3		8	68		401
20	20	1/4	1/2	4/4	1	1	1/48		1/32	2/3		4	52		402
20	20	1/4	1/2	4/4	1	1	1/48		1/32	2/3		8	56		402
20	20	1/4	1/2	4/4	1	1	1/48		1/32	2/3		5	59		402
20	20	1/4	1/2	4/4	1	1	1/48		1/32	2/3		4	64		402
20	20	13/48	25/48	4/4	1	1	1/48		1/32	2/3		11	65		403
20	20	7/24	13/24	4/4	1	1	1/48		1/32	2/3		8	68		404
20	20	7/24	13/24	4/4	1	1	1/48		1/32	2/3		5	71		404
20	20	7/24	13/24	4/4	1	1	1/48		1/32	2/3		4	76		404
20	20	5/16	9/16	4/4	1	1	1/48		1/32	2/3		11	65		405
20	20	1/3	7/12	4/4	1	1	1/48		1/32	2/3		5	47		406
20	20	1/3	7/12	4/4	1	1	1/48		1/32	2/3		6	54		406
20	20	1/3	7/12	4/4	1	1	1/48		1/32	2/3		5	59		406
20	20	17/48	29/48	4/4	1	1	1/48		1/32	2/3		12	60		407
20	20	3/8	5/8	4/4	1	1	1/48		1/32	2/3		2	62		408
20	20	3/8	5/8	4/4	1	1	1/48		1/32	2/3		6	66		408
20	20	3/8	5/8	4/4	1	1	1/48		1/32	2/3		5	71		408
20	20	19/48	31/48	4/4	1	1	1/48		1/32	2/3		12	60		409
20	20	5/12	2/3	4/4	1	1	1/48		1/32	2/3		7	49		410
20	20	5/12	2/3	4/4	1	1	1/48		1/32	2/3		4	52		410
20	20	5/12	2/3	4/4	1	1	1/48		1/32	2/3		3	57		410
20	20	7/16	11/16	4/4	1	1	1/48		1/32	2/3		10	58		411
20	20	11/24	17/24	4/4	1	1	1/48		1/32	2/3		7	61		412
20	20	11/24	17/24	4/4	1	1	1/48		1/32	2/3		4	64		412
20	20	11/24	17/24	4/4	1	1	1/48		1/32	2/3		3	69		412
20	20	23/48	35/48	4/4	1	1	1/48		1/32	2/3		7	61		413
20	20	1/2	3/4	4/4	1	1	1/48		1/32	2/3		4	52		414
20	20	25/48	37/48	4/4	1	1	1/48		1/32	2/3		11	53		415
20	20	13/24	19/24	4/4	1	1	1/48		1/32	2/3		8	56		416
20	20	13/24	19/24	4/4	1	1	1/48		1/32	2/3		12	60		416
20	20	13/24	19/24	4/4	1	1	1/48		1/32	2/3		4	64		416
20	20	9/16	13/16	4/4	1	1	1/48		1/32	2/3		11	53		417
20	20	7/12	5/6	4/4	1	1	1/48		1/32	2/3		5	47		418
20	20	29/48	41/48	4/4	1	1	1/48		1/32	2/3		12	48		419
20	20	5/8	7/8	4/4	1	1	1/48		1/32	2/3		9	51		420
20	20	5/8	7/8	4/4	1	1	1/48		1/32	2/3		5	59		420
20	20	31/48	43/48	4/4	1	1	1/48		1/32	2/3		12	48		421
20	20	2/3	11/12	4/4	1	1	1/48		1/32	2/3		3	45		422
20	20	11/16	15/16	4/4	1	1	1/48		1/32	2/3		10	46		423
20	20	17/24	23/24	4/4	1	1	1/48		1/32	2/3		7	49		424
20	20	17/24	23/24	4/4	1	1	1/48		1/32	2/3		3	57		424
20	20	35/48	47/48	4/4	1	1	1/48		1/32	2/3		10	46		425
21	21	0	0	4/4	1	1	1/48		1/32	2/3		4	40		426
21	21	0	0	4/4	1	1	1/48		1/32	2/3		5	47		426
21	21	0	0	4/4	1	1	1/48		1/32	2/3		4	52		426
21	21	1/48	1/48	4/4	1	1	1/48		1/32	2/3		4	52		427
21	21	1/24	1/24	4/4	1	1	1/48		1/32	2/3		8	56		428
21	21	1/16	1/16	4/4	1	1	1/48		1/32	2/3		4	52		429
21	21	1/12	1/12	4/4	1	1	1/48		1/32	2/3		1	43		430
21	21	1/12	1/12	4/4	1	1	1/48		1/32	2/3		-1	53		430
21	21	5/48	5/48	4/4	1	1	1/48		1/32	2/3		-1	53		431
21	21	1/8	1/8	4/4	1	1	1/48		1/32	2/3		1	55		432
21	21	7/48	7/48	4/4	1	1	1/48		1/32	2/3		11	53		433
21	21	1/6	1/6	4/4	1	1	1/48		1/32	2/3		4	40		434
21	21	1/6	1/6	4/4	1	1	1/48		1/32	2/3		5	47		434
21	21	3/16	3/16	4/4	1	1	1/48		1/32	2/3		4	52		435
21	21	5/24	5/24	4/4	1	1	1/48		1/32	2/3		8	56		436
21	21	11/48	11/48	4/4	1	1	1/48		1/32	2/3		4	52		437
21	21	1/4	1/4	4/4	2	1	1/12		1/8	2/3		1	43		462
21	21	1/4	1/4	4/4	2	1	1/12		1/8	2/3		-1	53		462
21	21	1/3	1/3	4/4	2	1	1/12		1/8	2/3		4	40		463
21	21	1/3	1/3	4/4	2	1	1/12		1/8	2/3		5	47		463
21	21	13/36	13/36	4/4	1	1	1/36		1/8	2/9	1	1	55		438
21	21	13/36	13/36	4/4	1	2	1/36		1/16	4/9		1	55		450
21	21	7/18	7/18	4/4	1	2	1/36		1/16	4/9		4	52		451
21	21	7/18	7/18	4/4	1	1	1/36		1/8	2/9	-1	1	55		439
21	21	5/12	5/12	4/4	2	1	1/12		1/8	2/3		1	43		464
21	21	5/12	5/12	4/4	2	1	1/12		1/8	2/3		-1	53		464
21	21	4/9	4/9	4/4	1	1	1/36		1/8	2/9	1	8	56		440
21	21	4/9	4/9	4/4	1	2	1/36		1/16	4/9		8	56		452
21	21	17/36	17/36	4/4	1	2	1/36		1/16	4/9		-1	53		453
21	21	17/36	17/36	4/4	1	1	1/36		1/8	2/9	-1	8	56		441
21	21	1/2	1/2	4/4	2	1	1/12		1/8	2/3		4	40		465
21	21	1/2	1/2	4/4	2	1	1/12		1/8	2/3		5	47		465
21	21	7/12	7/12	4/4	2	1	1/12		1/8	2/3		1	43		466
21	21	7/12	7/12	4/4	2	1	1/12		1/8	2/3		-1	53		466
21	21	11/18	11/18	4/4	1	1	1/36		1/8	2/9	1	1	55		442
21	21	11/18	11/18	4/4	1	2	1/36		1/16	4/9		1	55		454
21	21	23/36	23/36	4/4	1	2	1/36		1/16	4/9		-1	53		455
21	21	23/36	23/36	4/4	1	1	1/36		1/8	2/9	-1	1	55		443
21	21	2/3	2/3	4/4	2	1	1/12		1/8	2/3		4	40		467
21	21	2/3	2/3	4/4	2	1	1/12		1/8	2/3		5	47		467
21	21	25/36	25/36	4/4	1	1	1/36		1/8	2/9	1	8	56		444
21	21	25/36	25/36	4/4	1	2	1/36		1/16	4/9		8	56		456
21	21	13/18	13/18	4/4	1	2	1/36		1/16	4/9		4	52		457
21	21	13/18	13/18	4/4	1	1	1/36		1/8	2/9	-1	8	56		445
21	21	3/4	3/4	4/4	2	1	1/12		1/8	2/3		1	43		468
21	21	3/4	3/4	4/4	2	1	1/12		1/8	2/3		-1	53		468
21	21	5/6	5/6	4/4	2	1	1/12		1/8	2/3		4	40		469
21	21	5/6	5/6	4/4	2	1	1/12		1/8	2/3		5	47		469
21	21	31/36	31/36	4/4	1	1	1/36		1/8	2/9	1	1	55		446
21	21	31/36	31/36	4/4	1	2	1/36		1/16	4/9		1	55		458
21	21	8/9	8/9	4/4	1	2	1/36		1/16	4/9		4	52		459
21	21	8/9	8/9	4/4	1	1	1/36		1/8	2/9	-1	1	55		447
21	21	11/12	11/12	4/4	2	1	1/12		1/8	2/3		1	43		470
21	21	11/12	11/12	4/4	2	1	1/12		1/8	2/3		-1	53		470
21	21	17/18	17/18	4/4	1	1	1/36		1/8	2/9	1	8	56		448
21	21	17/18	17/18	4/4	1	2	1/36		1/16	4/9		8	56		460
21	21	35/36	35/36	4/4	1	2	1/36		1/16	4/9		-1	53		461
21	21	35/36	35/36	4/4	1	1	1/36		1/8	2/9	0	8	56		449
22	22	0	0	2/4	2	1	1/8		1/8	1		4	40		477
22	22	0	0	2/4	2	1	1/8		1/8	1		5	47		477
22	22	0	0	2/4	1	1	1/12		1/8	2/3	-1	8	56		471
22	22	1/12	1/12	2/4	1	1	1/12		1/8	2/3		13	55		472
22	22	1/6	1/6	2/4	1	1	1/12		1/8	2/3	1	8	56		473
22	22	1/4	1/4	2/4	1	1	1/12		1/8	2/3	-1	8	56		474
22	22	1/3	1/3	2/4	1	1	1/12		1/8	2/3		13	55		475
22	22	5/12	5/12	2/4	1	1	1/12		1/8	2/3	1	8	56		476
23	23	0	0	4/4	1	2	1/12		1/8	2/3	-1	8	56		480
23	23	1/12	1/12	4/4	1	2	1/12		1/8	2/3		13	55		481
23	23	1/6	1/6	4/4	1	2	1/12		1/8	2/3	1	8	56		482
23	23	1/4	1/4	4/4	1	2	1/12		1/8	2/3	-1	8	56		483
23	23	1/4	1/4	4/4	1	1	1/2		1/2	1		5	59		478
23	23	1/3	1/3	4/4	1	2	1/12		1/8	2/3		13	55		484
23	23	5/12	5/12	4/4	1	2	1/12		1/8	2/3	1	8	56		485
23	23	1/2	1/2	4/4	1	2	1/12		1/8	2/3	-1	8	56		486
23	23	7/12	7/12	4/4	1	2	1/12		1/8	2/3		13	55		487
23	23	2/3	2/3	4/4	1	2	1/12		1/8	2/3	1	8	56		488
23	23	3/4	3/4	4/4	1	2	1/12		1/8	2/3	-1	8	56		489
23	23	3/4	3/4	4/4	1	1	1/4		1/4	1		12	60		479
23	23	5/6	5/6	4/4	1	2	1/12		1/8	2/3		13	55		490
23	23	11/12	11/12	4/4	1	2	1/12		1/8	2/3		8	56		491
24	24	0	0	4/4	2	2	1/2		1/2	1	1	0	36		502
24	24	0	0	4/4	2	2	1/2		1/2	1	1	1	43		502
24	24	0	0	4/4	1	2	1/12		1/8	2/3		3	57		495
24	24	0	0	4/4	1	1	1/12		1/8	2/3	1	7	61		492
24	24	1/12	1/12	4/4	1	2	1/6		1/4	2/3	1	-2	58		496
24	24	1/12	1/12	4/4	1	1	1/6		1/4	2/3	0	7	61		493
24	24	1/12	1/12	4/4	1	1	1/6		1/4	2/3	1	4	64		493
24	24	1/12	1/12	4/4	1	1	1/6		1/4	2/3	1	3	69		493
24	24	1/6	1/6	4/4	2	1	1/12		1/8	2/3	1	6	66		500
24	24	1/4	1/4	4/4	1	2	1/12		1/8	2/3	-1	-2	58		497
24	24	1/4	1/4	4/4	1	1	1/4		1/4	1	-1	7	61		494
24	24	1/4	1/4	4/4	1	1	1/4		1/4	1	-1	4	64		494
24	24	1/4	1/4	4/4	2	1	1/4		1/4	1	-1	6	66		501
24	24	1/4	1/4	4/4	1	1	1/4		1/4	1	-1	3	69		494
24	24	1/3	1/3	4/4	1	2	1/12		1/8	2/3		3	57		498
24	24	5/12	5/12	4/4	1	2	1/12		1/8	2/3	1	-2	58		499
25	25	0	1/2	4/4	2	1	1/4		1/4	1	-1	0	36		509
25	25	0	1/2	4/4	2	1	1/4		1/4	1	-1	1	43		509
25	25	0	1/2	4/4	1	2	1/12		1/8	2/3	-1	-2	58		503
25	25	1/12	7/12	4/4	1	2	1/12		1/8	2/3		3	57		504
25	25	1/6	2/3	4/4	1	2	1/12		1/8	2/3	1	-2	58		505
25	25	1/4	3/4	4/4	1	2	1/12		1/8	2/3	-1	-2	58		506
25	25	1/3	5/6	4/4	1	2	1/12		1/8	2/3		3	57		507
25	25	5/12	11/12	4/4	1	2	1/12		1/8	2/3	1	-2	58		508
26	26	0	0	4/4	2	1	1		1	1	1	1	43		526
26	26	0	0	4/4	2	1	1		1	1	1	2	50		526
26	26	0	0	4/4	1	2	1/12		1/8	2/3	-1	-2	58		514
26	26	0	0	4/4	1	1	1/8		1/8	1		3	81		510
26	26	1/12	1/12	4/4	1	2	1/12		1/8	2/3		3	57		515
26	26	1/12	1/12	4/4	1	2	1/12		1/8	2/3		2	62		515
26	26	1/12	1/12	4/4	1	2	1/12		1/8	2/3		3	69		515
26	26	1/8	1/8	4/4	1	1	3/8		1/4	3/2		3	81		511
26	26	1/6	1/6	4/4	1	2	1/12		1/8	2/3	1	-2	58		516
26	26	1/6	1/6	4/4	1	2	1/12		1/8	2/3	1	-1	65		516
26	26	1/4	1/4	4/4	1	2	1/12		1/8	2/3	-1	-2	58		517
26	26	1/4	1/4	4/4	1	2	1/12		1/8	2/3	-1	-1	65		517
26	26	1/3	1/3	4/4	1	2	1/12		1/8	2/3		3	57		518
26	26	1/3	1/3	4/4	1	2	1/12		1/8	2/3		2	62		518
26	26	1/3	1/3	4/4	1	2	1/12		1/8	2/3		3	69		518
26	26	5/12	5/12	4/4	1	2	1/12		1/8	2/3	1	-2	58		519
26	26	5/12	5/12	4/4	1	2	1/12		1/8	2/3	1	-1	65		519
26	26	1/2	1/2	4/4	1	2	1/12		1/8	2/3	-1	-2	58		520
26	26	1/2	1/2	4/4	1	2	1/12		1/8	2/3	-1	-1	65		520
26	26	1/2	1/2	4/4	1	1	1/8		1/8	1		3	81		512
26	26	7/12	7/12	4/4	1	2	1/12		1/8	2/3		3	57		521
26	26	7/12	7/12	4/4	1	2	1/12		1/8	2/3		2	62		521
26	26	7/12	7/12	4/4	1	2	1/12		1/8	2/3		3	69		521
26	26	5/8	5/8	4/4	1	1	3/8		1/4	3/2		3	81		513
26	26	2/3	2/3	4/4	1	2	1/12		1/8	2/3	1	-2	58		522
26	26	2/3	2/3	4/4	1	2	1/12		1/8	2/3	1	-1	65		522
26	26	3/4	3/4	4/4	1	2	1/12		1/8	2/3	-1	-2	58		523
26	26	3/4	3/4	4/4	1	2	1/12		1/8	2/3	-1	-1	65		523
26	26	5/6	5/6	4/4	1	2	1/12		1/8	2/3		3	57		524
26	26	5/6	5/6	4/4	1	2	1/12		1/8	2/3		2	62		524
26	26	5/6	5/6	4/4	1	2	1/12		1/8	2/3		3	69		524
26	26	11/12	11/12	4/4	1	2	1/12		1/8	2/3	1	-2	58		525
26	26	11/12	11/12	4/4	1	2	1/12		1/8	2/3	1	-1	65		525
27	27	0	0	4/4	2	1	1/4		1/4	1	-1	1	43		540
27	27	0	0	4/4	2	1	1/4		1/4	1	-1	2	50		540
27	27	0	0	4/4	1	2	1/12		1/8	2/3	-1	-2	58		534
27	27	0	0	4/4	1	2	1/12		1/8	2/3	-1	-1	65		534
27	27	1/12	1/12	4/4	1	2	1/12		1/8	2/3		3	57		535
27	27	1/12	1/12	4/4	1	2	1/12		1/8	2/3		2	62		535
27	27	1/12	1/12	4/4	1	2	1/12		1/8	2/3		3	69		535
27	27	1/12	1/12	4/4	1	1	1/48		1/32	2/3		-1	77		527
27	27	5/48	5/48	4/4	1	1	1/48		1/32	2/3		0	84		528
27	27	1/8	1/8	4/4	1	1	1/48		1/32	2/3		4	88		529
27	27	7/48	7/48	4/4	1	1	1/48		1/32	2/3		2	86		530
27	27	1/6	1/6	4/4	1	2	1/12		1/8	2/3		-2	58		536
27	27	1/6	1/6	4/4	1	2	1/12		1/8	2/3		-1	65		536
27	27	1/6	1/6	4/4	1	1	1/16		1/16	1		3	81		531
27	27	11/48	11/48	4/4	1	1	1/48		1/32	2/3		2	74		532
27	27	1/4	1/4	4/4	2	1	1/4		1/4	1		-2	46		541
27	27	1/4	1/4	4/4	2	1	1/4		1/4	1		-1	53		541
27	27	1/4	1/4	4/4	1	1	1/4		1/4	1	1	1	79		533
27	27	1/3	1/3	4/4	1	2	1/12		1/8	2/3		3	57		537
27	27	1/3	1/3	4/4	1	3	1/6		1/4	2/3		4	64		539
27	27	1/3	1/3	4/4	1	3	1/6		1/4	2/3		8	68		539
27	27	5/12	5/12	4/4	1	2	1/12		1/8	2/3		-2	58		538
28	28	0	1/2	4/4	2	1	1/2		1/2	1		1	43		554
28	28	0	1/2	4/4	2	1	1/2		1/2	1		2	50		554
28	28	0	1/2	4/4	1	1	1/4		1/4	1	-1	1	79		542
28	28	1/12	7/12	4/4	1	2	1/12		1/8	2/3		3	57		549
28	28	1/12	7/12	4/4	1	2	1/12		1/8	2/3		2	62		549
28	28	1/12	7/12	4/4	1	2	1/12		1/8	2/3		3	69		549
28	28	1/6	2/3	4/4	1	2	1/12		1/8	2/3	1	-2	58		550
28	28	1/6	2/3	4/4	1	2	1/12		1/8	2/3	1	-1	65		550
28	28	1/4	3/4	4/4	1	2	1/12		1/8	2/3	-1	-2	58		551
28	28	1/4	3/4	4/4	1	2	1/12		1/8	2/3	-1	-1	65		551
28	28	1/3	5/6	4/4	1	2	1/12		1/8	2/3		3	57		552
28	28	1/3	5/6	4/4	1	2	1/12		1/8	2/3		2	62		552
28	28	1/3	5/6	4/4	1	2	1/12		1/8	2/3		3	69		552
28	28	1/3	5/6	4/4	1	1	1/48		1/32	2/3		-1	77		543
28	28	17/48	41/48	4/4	1	1	1/48		1/32	2/3		0	84		544
28	28	3/8	7/8	4/4	1	1	1/48		1/32	2/3		4	88		545
28	28	19/48	43/48	4/4	1	1	1/48		1/32	2/3		2	86		546
28	28	5/12	11/12	4/4	1	2	1/12		1/8	2/3		-2	58		553
28	28	5/12	11/12	4/4	1	2	1/12		1/8	2/3		-1	65		553
28	28	5/12	11/12	4/4	1	1	1/16		1/16	1		3	81		547
28	28	23/48	47/48	4/4	1	1	1/48		1/32	2/3		2	74		548
29	29	0	0	4/4	2	2	1/2		1/2	1		-2	46		570
29	29	0	0	4/4	2	2	1/2		1/2	1		-1	53		570
29	29	0	0	4/4	1	1	1/2		1/2	1		1	79		555
29	29	1/12	1/12	4/4	1	3	1/12		1/8	2/3		3	57		560
29	29	1/12	1/12	4/4	1	2	1/6		1/4	2/3	1	4	64		558
29	29	1/12	1/12	4/4	1	2	1/6		1/4	2/3	1	-4	68		558
29	29	1/6	1/6	4/4	1	3	1/12		1/8	2/3		-2	58		561
29	29	1/4	1/4	4/4	1	2	1/4		1/4	1	-1	4	64		559
29	29	1/4	1/4	4/4	1	2	1/4		1/4	1	-1	-4	68		559
29	29	1/3	1/3	4/4	1	3	1/12		1/8	2/3		3	57		562
29	29	5/12	5/12	4/4	1	3	1/12		1/8	2/3		-2	58		563
29	29	1/2	1/2	4/4	2	2	1/2		1/2	1		-3	39		571
29	29	1/2	1/2	4/4	2	2	1/2		1/2	1		-2	46		571
29	29	1/2	1/2	4/4	1	3	1/2		1/2	1		2	62		564
29	29	1/2	1/2	4/4	1	3	1/2		1/2	1		-6	66		564
29	29	1/2	1/2	4/4	1	1	1/8		1/8	1		2	74		556
29	29	7/12	7/12	4/4	2	1	1/12		1/8	2/3		3	57		565
29	29	5/8	5/8	4/4	1	1	3/8		1/4	3/2		2	74		557
29	29	2/3	2/3	4/4	2	1	1/12		1/8	2/3	1	-2	58		566
29	29	3/4	3/4	4/4	2	1	1/12		1/8	2/3	-1	-2	58		567
29	29	5/6	5/6	4/4	2	1	1/12		1/8	2/3		3	57		568
29	29	11/12	11/12	4/4	2	1	1/12		1/8	2/3		-2	58		569
30	30	0	0	2/4	2	2	1/2		1/2	1		-4	32		580
30	30	0	0	2/4	2	2	1/2		1/2	1		-3	39		580
30	30	0	0	2/4	2	2	1/2		1/2	1		0	48		580
30	30	0	0	2/4	1	2	1/2		1/2	1		-3	63		574
30	30	0	0	2/4	1	2	1/2		1/2	1		-6	66		574
30	30	0	0	2/4	1	1	1/8		1/8	1		2	74		572
30	30	1/12	1/12	2/4	2	1	1/12		1/8	2/3		3	57		575
30	30	1/8	1/8	2/4	1	1	3/8		1/4	3/2		2	74		573
30	30	1/6	1/6	2/4	2	1	1/12		1/8	2/3	1	-2	58		576
30	30	1/4	1/4	2/4	2	1	1/12		1/8	2/3	-1	-2	58		577
30	30	1/3	1/3	2/4	2	1	1/12		1/8	2/3		3	57		578
30	30	5/12	5/12	2/4	2	1	1/12		1/8	2/3		-2	58		579
31	31	0	0	2/4	2	2	1		1	1		-4	32		645
31	31	0	0	2/4	2	2	1		1	1		-3	39		645
31	31	1/12	1/12	2/4	1	1	1/36		1/16	4/9		3	57		581
31	31	1/12	1/12	2/4	1	2	1/12		1/8	2/3		3	57		623
31	31	1/9	1/9	2/4	1	1	1/36		1/16	4/9		2	62		582
31	31	5/36	5/36	2/4	1	1	1/36		1/16	4/9		-6	66		583
31	31	1/6	1/6	2/4	1	1	1/36		1/16	4/9		-2	58		584
31	31	1/6	1/6	2/4	1	2	1/12		1/8	2/3		-2	58		624
31	31	7/36	7/36	2/4	1	1	1/36		1/16	4/9		-3	63		585
31	31	2/9	2/9	2/4	1	1	1/36		1/16	4/9		-6	66		586
31	31	1/4	1/4	2/4	2	1	1/8		1/8	1		0	48		637
31	31	1/4	1/4	2/4	1	1	1/36		1/16	4/9		2	62		587
31	31	1/4	1/4	2/4	1	2	1/12		1/8	2/3		2	62		625
31	31	5/18	5/18	2/4	1	1	1/36		1/16	4/9		-6	66		588
31	31	11/36	11/36	2/4	1	1	1/36		1/16	4/9		3	69		589
31	31	1/3	1/3	2/4	1	1	1/36		1/16	4/9		-3	63		590
31	31	1/3	1/3	2/4	1	2	1/12		1/8	2/3		-3	63		626
31	31	13/36	13/36	2/4	1	1	1/36		1/16	4/9		-6	66		591
31	31	3/8	3/8	2/4	2	1	1/8		1/8	1		-6	54		638
31	31	7/18	7/18	2/4	1	1	1/36		1/16	4/9		-2	70		592
31	31	5/12	5/12	2/4	1	1	1/36		1/16	4/9		3	69		593
31	31	5/12	5/12	2/4	1	2	1/12		1/8	2/3		3	69		627
31	31	4/9	4/9	2/4	1	1	1/36		1/16	4/9		2	74		594
31	31	17/36	17/36	2/4	1	1	1/36		1/16	4/9		-6	78		595
31	31	1/2	1/2	2/4	2	1	1/8		1/8	1		0	60		639
31	31	1/2	1/2	2/4	1	1	1/36		1/16	4/9		-2	70		596
31	31	1/2	1/2	2/4	1	2	1/12		1/8	2/3		-2	70		628
31	31	19/36	19/36	2/4	1	1	1/36		1/16	4/9		-3	75		597
31	31	5/9	5/9	2/4	1	1	1/36		1/16	4/9		-6	78		598
31	31	7/12	7/12	2/4	1	1	1/36		1/16	4/9		2	74		599
31	31	7/12	7/12	2/4	1	2	1/12		1/8	2/3		2	74		629
31	31	11/18	11/18	2/4	1	1	1/36		1/16	4/9		-6	78		600
31	31	5/8	5/8	2/4	2	1	1/8		1/8	1		-6	66		640
31	31	23/36	23/36	2/4	1	1	1/36		1/16	4/9		3	81		601
31	31	2/3	2/3	2/4	1	1	1/36		1/16	4/9		-3	75		602
31	31	2/3	2/3	2/4	1	2	1/12		1/8	2/3		-3	75		630
31	31	25/36	25/36	2/4	1	1	1/36		1/16	4/9		-6	78		603
31	31	13/18	13/18	2/4	1	1	1/36		1/16	4/9		-2	82		604
31	31	3/4	3/4	2/4	2	1	1/8		1/8	1		-4	68		641
31	31	3/4	3/4	2/4	1	1	1/36		1/16	4/9		3	81		605
31	31	3/4	3/4	2/4	1	2	1/12		1/8	2/3		3	81		631
31	31	7/9	7/9	2/4	1	1	1/36		1/16	4/9		2	86		606
31	31	29/36	29/36	2/4	1	1	1/36		1/16	4/9		-6	90		607
31	31	5/6	5/6	2/4	1	1	1/36		1/16	4/9		-2	82		608
31	31	5/6	5/6	2/4	1	2	1/12		1/8	2/3		-2	82		632
31	31	31/36	31/36	2/4	1	1	1/36		1/16	4/9		-3	87		609
31	31	7/8	7/8	2/4	2	1	1/8		1/8	1		0	72		642
31	31	8/9	8/9	2/4	1	1	1/36		1/16	4/9		-6	90		610
31	31	11/12	11/12	2/4	1	1	1/36		1/16	4/9		3	81		611
31	31	11/12	11/12	2/4	1	2	1/12		1/8	2/3		3	81		633
31	31	17/18	17/18	2/4	1	1	1/36		1/16	4/9		2	86		612
31	31	35/36	35/36	2/4	1	1	1/36		1/16	4/9		-6	90		613
31	31	1	1	2/4	2	1	1/8		1/8	1		-3	75		643
31	31	1	1	2/4	1	1	1/36		1/16	4/9		-2	82		614
31	31	1	1	2/4	1	2	1/12		1/8	2/3		-2	82		634
31	31	37/36	37/36	2/4	1	1	1/36		1/16	4/9		-3	87		615
31	31	19/18	19/18	2/4	1	1	1/36		1/16	4/9		-6	90		616
31	31	13/12	13/12	2/4	1	1	1/36		1/16	4/9		3	81		617
31	31	13/12	13/12	2/4	1	2	1/12		1/8	2/3		3	81		635
31	31	10/9	10/9	2/4	1	1	1/36		1/16	4/9		2	86		618
31	31	9/8	9/8	2/4	2	1	1/8		1/8	1		-6	78		644
31	31	41/36	41/36	2/4	1	1	1/36		1/16	4/9		-6	90		619
31	31	7/6	7/6	2/4	1	1	1/36		1/16	4/9		-2	82		620
31	31	7/6	7/6	2/4	1	2	1/12		1/8	2/3		-2	82		636
31	31	43/36	43/36	2/4	1	1	1/36		1/16	4/9		-3	87		621
31	31	11/9	11/9	2/4	1	1	1/36		1/16	4/9		-6	90		622
32	32	0	0	2/4	2	1	1/12		1/8	2/3		-4	80		701
32	32	0	0	2/4	1	1	1/36		1/16	4/9		3	81		646
32	32	0	0	2/4	1	2	1/12		1/8	2/3		3	81		689
32	32	1/36	1/36	2/4	1	1	1/36		1/16	4/9		2	86		647
32	32	1/18	1/18	2/4	1	1	1/36		1/16	4/9		-6	90		648
32	32	1/12	1/12	2/4	2	1	1/12		1/8	2/3		-6	78		702
32	32	1/12	1/12	2/4	1	1	1/36		1/16	4/9		-2	82		649
32	32	1/12	1/12	2/4	1	2	1/12		1/8	2/3		-2	82		690
32	32	1/9	1/9	2/4	1	1	1/36		1/16	4/9		-3	87		650
32	32	5/36	5/36	2/4	1	1	1/36		1/16	4/9		-6	90		651
32	32	1/6	1/6	2/4	2	1	1/12		1/8	2/3		-3	75		703
32	32	1/6	1/6	2/4	1	1	1/36		1/16	4/9		3	81		652
32	32	1/6	1/6	2/4	1	2	1/12		1/8	2/3		3	81		691
32	32	7/36	7/36	2/4	1	1	1/36		1/16	4/9		2	86		653
32	32	2/9	2/9	2/4	1	1	1/36		1/16	4/9		-6	90		654
32	32	1/4	1/4	2/4	2	1	1/12		1/8	2/3		0	72		704
32	32	1/4	1/4	2/4	1	1	1/36		1/16	4/9		-2	82		655
32	32	1/4	1/4	2/4	1	2	1/12		1/8	2/3		-2	82		692
32	32	5/18	5/18	2/4	1	1	1/36		1/16	4/9		-3	87		656
32	32	11/36	11/36	2/4	1	1	1/36		1/16	4/9		-6	90		657
32	32	1/3	1/3	2/4	2	1	1/12		1/8	2/3		-3	75		705
32	32	1/3	1/3	2/4	1	1	1/36		1/16	4/9		3	81		658
32	32	1/3	1/3	2/4	1	2	1/12		1/8	2/3		3	81		693
32	32	13/36	13/36	2/4	1	1	1/36		1/16	4/9		2	86		659
32	32	7/18	7/18	2/4	1	1	1/36		1/16	4/9		-6	90		660
32	32	5/12	5/12	2/4	2	1	1/12		1/8	2/3		-6	78		706
32	32	5/12	5/12	2/4	1	1	1/36		1/16	4/9		-2	82		661
32	32	5/12	5/12	2/4	1	2	1/12		1/8	2/3		-2	82		694
32	32	4/9	4/9	2/4	1	1	1/36		1/16	4/9		-3	87		662
32	32	17/36	17/36	2/4	1	1	1/36		1/16	4/9		-6	90		663
32	32	1/2	1/2	2/4	2	1	1/12		1/8	2/3		-4	80		707
32	32	1/2	1/2	2/4	1	1	1/36		1/16	4/9		3	81		664
32	32	1/2	1/2	2/4	1	2	1/12		1/8	2/3		3	81		695
32	32	19/36	19/36	2/4	1	1	1/36		1/16	4/9		2	86		665
32	32	5/9	5/9	2/4	1	1	1/36		1/16	4/9		-6	90		666
32	32	7/12	7/12	2/4	2	1	1/12		1/8	2/3		-6	78		708
32	32	7/12	7/12	2/4	1	1	1/36		1/16	4/9		-2	82		667
32	32	7/12	7/12	2/4	1	2	1/12		1/8	2/3		-2	82		696
32	32	11/18	11/18	2/4	1	1	1/36		1/16	4/9		-3	87		668
32	32	23/36	23/36	2/4	1	1	1/36		1/16	4/9		-6	90		669
32	32	2/3	2/3	2/4	2	1	1/12		1/8	2/3		-3	75		709
32	32	2/3	2/3	2/4	1	1	1/36		1/16	4/9		3	81		670
32	32	2/3	2/3	2/4	1	2	1/12		1/8	2/3		3	81		697
32	32	25/36	25/36	2/4	1	1	1/36		1/16	4/9		2	86		671
32	32	13/18	13/18	2/4	1	1	1/36		1/16	4/9		-6	90		672
32	32	3/4	3/4	2/4	2	1	1/12		1/8	2/3		0	72		710
32	32	3/4	3/4	2/4	1	1	1/36		1/16	4/9		-2	82		673
32	32	3/4	3/4	2/4	1	2	1/12		1/8	2/3		-2	82		698
32	32	7/9	7/9	2/4	1	1	1/36		1/16	4/9		-3	87		674
32	32	29/36	29/36	2/4	1	1	1/36		1/16	4/9		-6	90		675
32	32	5/6	5/6	2/4	2	1	1/12		1/8	2/3		-3	75		711
32	32	5/6	5/6	2/4	1	1	1/36		1/16	4/9		3	81		676
32	32	5/6	5/6	2/4	1	2	1/12		1/8	2/3		3	81		699
32	32	31/36	31/36	2/4	1	1	1/36		1/16	4/9		2	86		677
32	32	8/9	8/9	2/4	1	1	1/36		1/16	4/9		-6	90		678
32	32	11/12	11/12	2/4	2	1	1/12		1/8	2/3		-6	78		712
32	32	11/12	11/12	2/4	1	1	1/36		1/16	4/9		-2	82		679
32	32	11/12	11/12	2/4	1	2	1/12		1/8	2/3		-2	82		700
32	32	17/18	17/18	2/4	1	1	1/36		1/16	4/9		-3	87		680
32	32	35/36	35/36	2/4	1	1	1/36		1/16	4/9		-6	90		681
32	32	1	1	2/4	2	1	1/24		1/16	2/3		2	74		713
32	32	1	1	2/4	1	1	1/48		1/32	2/3		0	84		682
32	32	49/48	49/48	2/4	1	1	1/48		1/32	2/3		4	88		683
32	32	25/24	25/24	2/4	2	1	1/24		1/16	2/3		6	78		714
32	32	25/24	25/24	2/4	1	1	1/48		1/32	2/3		-2	94		684
32	32	17/16	17/16	2/4	1	1	1/48		1/32	2/3		3	93		685
32	32	13/12	13/12	2/4	2	1	1/36		1/16	4/9		2	86		715
32	32	13/12	13/12	2/4	1	1	1/16		1/16	1		6	90		686
32	32	10/9	10/9	2/4	2	1	1/36		1/16	4/9		6	78		716
32	32	41/36	41/36	2/4	2	1	1/36		1/16	4/9		2	74		717
32	32	55/48	55/48	2/4	1	1	1/48		1/32	2/3		-2	82		687
32	32	7/6	7/6	2/4	2	1	1/48		1/32	2/3		-6	66		718
32	32	7/6	7/6	2/4	1	1	1/12		1/8	2/3		-5	85		688
32	32	7/6	7/6	2/4	1	1	1/12		1/8	2/3		-1	89		688
32	32	19/16	19/16	2/4	2	1	1/48		1/32	2/3		-5	73		719
32	32	29/24	29/24	2/4	2	1	1/48		1/32	2/3		-6	78		720
32	32	59/48	59/48	2/4	2	1	1/48		1/32	2/3		-2	82		721
33	33	0	0	2/4	2	1	1/24		1/16	2/3		3	69		758
33	33	0	0	2/4	1	1	1/48		1/32	2/3		1	79		722
33	33	1/48	1/48	2/4	1	1	1/48		1/32	2/3		5	83		723
33	33	1/24	1/24	2/4	2	1	1/24		1/16	2/3		7	73		759
33	33	1/24	1/24	2/4	1	1	1/48		1/32	2/3		6	90		724
33	33	1/16	1/16	2/4	1	1	1/48		1/32	2/3		4	88		725
33	33	1/12	1/12	2/4	2	1	1/36		1/16	4/9		3	81		760
33	33	1/12	1/12	2/4	1	1	1/16		1/16	1		7	85		726
33	33	1/9	1/9	2/4	2	1	1/36		1/16	4/9		7	73		761
33	33	5/36	5/36	2/4	2	1	1/36		1/16	4/9		3	69		762
33	33	7/48	7/48	2/4	1	1	1/48		1/32	2/3		1	79		727
33	33	1/6	1/6	2/4	2	1	1/48		1/32	2/3		-3	63		763
33	33	1/6	1/6	2/4	1	1	1/12		1/8	2/3		-2	82		728
33	33	1/6	1/6	2/4	1	1	1/12		1/8	2/3		-3	87		728
33	33	3/16	3/16	2/4	2	1	1/48		1/32	2/3		-2	70		764
33	33	5/24	5/24	2/4	2	1	1/48		1/32	2/3		-3	75		765
33	33	11/48	11/48	2/4	2	1	1/48		1/32	2/3		1	79		766
33	33	1/4	1/4	2/4	2	1	1/32		1/16	1/2		1	67		767
33	33	1/4	1/4	2/4	1	1	1/48		1/32	2/3		-1	77		729
33	33	13/48	13/48	2/4	1	1	1/48		1/32	2/3		3	81		730
33	33	9/32	9/32	2/4	2	1	1/32		1/16	1/2		5	71		768
33	33	7/24	7/24	2/4	1	1	1/48		1/32	2/3		4	88		731
33	33	5/16	5/16	2/4	2	1	1/32		1/16	1/2		-1	77		769
33	33	5/16	5/16	2/4	1	1	1/48		1/32	2/3		2	86		732
33	33	1/3	1/3	2/4	1	1	1/48		1/32	2/3		3	81		733
33	33	11/32	11/32	2/4	2	1	1/32		1/16	1/2		5	71		770
33	33	17/48	17/48	2/4	1	1	1/48		1/32	2/3		-1	77		734
33	33	3/8	3/8	2/4	2	1	1/32		1/16	1/2		-5	61		771
33	33	3/8	3/8	2/4	1	1	1/48		1/32	2/3		-5	85		735
33	33	19/48	19/48	2/4	1	1	1/48		1/32	2/3		-4	80		736
33	33	13/32	13/32	2/4	2	1	1/32		1/16	1/2		-4	68		772
33	33	5/12	5/12	2/4	1	1	1/48		1/32	2/3		-1	77		737
33	33	7/16	7/16	2/4	1	1	1/48		1/32	2/3		-5	73		738
33	33	11/24	11/24	2/4	1	1	1/48		1/32	2/3		-4	68		739
33	33	23/48	23/48	2/4	1	1	1/48		1/32	2/3		-1	65		740
33	33	1/2	1/2	2/4	1	1	1/32		1/32	1		-2	58		741
33	33	17/32	17/32	2/4	1	1	1/32		1/32	1		2	62		742
33	33	9/16	9/16	2/4	1	1	1/32		1/32	1		-4	68		743
33	33	19/32	19/32	2/4	1	1	1/32		1/32	1		0	72		744
33	33	5/8	5/8	2/4	1	1	1/32		1/32	1		1	79		745
33	33	21/32	21/32	2/4	1	1	1/32		1/32	1		0	72		746
33	33	11/16	11/16	2/4	1	1	1/32		1/32	1		-4	68		747
33	33	23/32	23/32	2/4	1	1	1/32		1/32	1		0	60		748
33	33	3/4	3/4	2/4	1	1	1/36		1/32	8/9		1	43		749
33	33	7/9	7/9	2/4	1	1	1/36		1/32	8/9		2	50		750
33	33	29/36	29/36	2/4	1	1	1/36		1/32	8/9		-4	56		751
33	33	5/6	5/6	2/4	1	1	1/36		1/32	8/9		5	59		752
33	33	31/36	31/36	2/4	1	1	1/36		1/32	8/9		4	64		753
33	33	8/9	8/9	2/4	1	1	1/36		1/32	8/9		5	59		754
33	33	11/12	11/12	2/4	1	1	1/36		1/32	8/9		1	55		755
33	33	17/18	17/18	2/4	1	1	1/36		1/32	8/9		6	54		756
33	33	35/36	35/36	2/4	1	1	1/36		1/32	8/9		-1	53		757
34	34	0	0	4/4	2	1	1/16		1/16	1	1	4	40		778
34	34	1/16	1/16	4/4	2	1	1/16		1/16	1	1	5	47		779
34	34	1/8	1/8	4/4	2	1	1/16		1/16	1	1	4	52		780
34	34	3/16	3/16	4/4	2	1	1/16		1/16	1	1	5	59		781
34	34	1/4	1/4	4/4	2	1	3/4		1/2	3/2	-1	4	40		782
34	34	1/4	1/4	4/4	2	1	3/4		1/2	3/2	-1	5	47		782
34	34	1/4	1/4	4/4	2	1	3/4		1/2	3/2	-1	4	52		782
34	34	1/4	1/4	4/4	2	1	3/4		1/2	3/2	-1	5	59		782
34	34	1/4	1/4	4/4	1	1	1/12		1/8	2/3	1	7	61		773
34	34	1/4	1/4	4/4	1	2	1/4		1/4	1		7	61		777
34	34	1/3	1/3	4/4	1	1	1/12		1/8	2/3	1	8	68		774
34	34	5/12	5/12	4/4	1	1	1/12		1/8	2/3	1	8	56		775
34	34	1/2	1/2	4/4	1	1	1/2		1/2	1	-1	8	56		776
34	34	1/2	1/2	4/4	1	1	1/2		1/2	1	-1	7	61		776
34	34	1/2	1/2	4/4	1	1	1/2		1/2	1	-1	8	68		776
34	34	1/2	1/2	4/4	2	2	1/8		1/8	1		9	75		783
34	34	5/8	5/8	4/4	2	2	3/8		1/4	3/2		9	75		784
35	35	0	0	4/4	2	1	1/16		1/16	1	1	7	37		790
35	35	0	0	4/4	2	1	1/16		1/16	1	1	8	44		790
35	35	1/16	1/16	4/4	2	1	1/16		1/16	1	1	5	47		791
35	35	1/8	1/8	4/4	2	1	1/16		1/16	1	1	4	52		792
35	35	3/16	3/16	4/4	2	1	1/16		1/16	1	1	5	59		793
35	35	1/4	1/4	4/4	2	1	3/4		1/2	3/2	-1	7	37		794
35	35	1/4	1/4	4/4	2	1	3/4		1/2	3/2	-1	8	44		794
35	35	1/4	1/4	4/4	2	1	3/4		1/2	3/2	-1	5	47		794
35	35	1/4	1/4	4/4	2	1	3/4		1/2	3/2	-1	4	52		794
35	35	1/4	1/4	4/4	2	1	3/4		1/2	3/2	-1	5	59		794
35	35	1/4	1/4	4/4	1	1	1/12		1/8	2/3	1	7	61		785
35	35	1/4	1/4	4/4	1	2	1/4		1/4	1		7	61		789
35	35	1/3	1/3	4/4	1	1	1/12		1/8	2/3	1	8	68		786
35	35	5/12	5/12	4/4	1	1	1/12		1/8	2/3	1	8	56		787
35	35	1/2	1/2	4/4	1	1	1/2		1/2	1	-1	8	56		788
35	35	1/2	1/2	4/4	1	1	1/2		1/2	1	-1	7	61		788
35	35	1/2	1/2	4/4	1	1	1/2		1/2	1	-1	8	68		788
35	35	1/2	1/2	4/4	2	2	1/8		1/8	1		9	75		795
35	35	5/8	5/8	4/4	2	2	3/8		1/4	3/2		9	75		796
36	36	0	0	4/4	2	1	1/12		1/8	2/3	1	3	33		802
36	36	0	0	4/4	2	1	1/12		1/8	2/3	1	4	40		802
36	36	1/12	1/12	4/4	2	1	1/12		1/8	2/3	1	5	47		803
36	36	1/6	1/6	4/4	2	1	1/12		1/8	2/3	1	4	52		804
36	36	1/6	1/6	4/4	2	1	1/12		1/8	2/3	1	5	59		804
36	36	1/4	1/4	4/4	2	1	3/4		1/2	3/2	-1	3	33		805
36	36	1/4	1/4	4/4	2	1	3/4		1/2	3/2	-1	4	40		805
36	36	1/4	1/4	4/4	2	1	3/4		1/2	3/2	-1	5	47		805
36	36	1/4	1/4	4/4	2	1	3/4		1/2	3/2	-1	4	52		805
36	36	1/4	1/4	4/4	2	1	3/4		1/2	3/2	-1	5	59		805
36	36	1/4	1/4	4/4	1	1	1/8		1/8	1	1	7	61		797
36	36	1/4	1/4	4/4	1	2	1/4		1/4	1		7	61		801
36	36	3/8	3/8	4/4	1	1	0	acciaccatura	1/8	1		8	68		798
36	36	3/8	3/8	4/4	1	1	1/8		1/8	1	1	8	56		799
36	36	3/8	3/8	4/4	1	1	1/8		1/8	1	1	8	68		799
36	36	1/2	1/2	4/4	1	1	1/2		1/2	1	-1	8	56		800
36	36	1/2	1/2	4/4	1	1	1/2		1/2	1	-1	7	61		800
36	36	1/2	1/2	4/4	1	1	1/2		1/2	1	-1	8	68		800
36	36	1/2	1/2	4/4	2	2	1/8		1/8	1		9	75		806
36	36	5/8	5/8	4/4	2	2	3/8		1/4	3/2		9	75		807
37	37	0	0	4/4	2	2	1		1	1		-3	39		818
37	37	1/2	1/2	4/4	2	1	1/4		1/4	1		-3	39		816
37	37	1/2	1/2	4/4	2	1	1/4		1/4	1		-2	46		816
37	37	1/2	1/2	4/4	1	2	1/12		1/8	2/3		-6	54		812
37	37	1/2	1/2	4/4	1	1	1/6		1/4	2/3		2	62		808
37	37	7/12	7/12	4/4	1	2	1/6		1/4	2/3		-4	56		813
37	37	2/3	2/3	4/4	1	1	1/12		1/8	2/3		-2	58		809
37	37	3/4	3/4	4/4	2	1	1/4		1/4	1	1	-5	37		817
37	37	3/4	3/4	4/4	2	1	1/4		1/4	1	1	-4	44		817
37	37	3/4	3/4	4/4	1	2	1/12		1/8	2/3		-8	52		814
37	37	3/4	3/4	4/4	1	1	1/6		1/4	2/3		0	60		810
37	37	5/6	5/6	4/4	1	2	1/6		1/4	2/3	1	-6	54		815
37	37	11/12	11/12	4/4	1	1	1/12		1/8	2/3	1	-4	56		811
38	38	0	0	4/4	2	3	1/4		1/4	1	-1	-5	37		833
38	38	0	0	4/4	2	3	1/4		1/4	1	-1	-4	44		833
38	38	0	0	4/4	1	2	1/4		1/4	1	-1	-6	54		823
38	38	0	0	4/4	1	3	1/4		1/4	1	-1	-4	56		828
38	38	0	0	4/4	2	1	1/8		1/8	1		-3	75		829
38	38	1/8	1/8	4/4	2	1	3/8		1/4	3/2		-3	75		830
38	38	1/8	1/8	4/4	2	4	1/2		1/2	1		-3	75		834
38	38	1/2	1/2	4/4	2	2	1/4		1/4	1		-3	39		831
38	38	1/2	1/2	4/4	2	2	1/4		1/4	1		-2	46		831
38	38	1/2	1/2	4/4	1	2	1/12		1/8	2/3		-6	54		824
38	38	1/2	1/2	4/4	1	1	1/6		1/4	2/3		2	62		819
38	38	7/12	7/12	4/4	1	2	1/6		1/4	2/3		-4	56		825
38	38	2/3	2/3	4/4	1	1	1/12		1/8	2/3		-2	58		820
38	38	3/4	3/4	4/4	2	2	1/4		1/4	1	1	-5	37		832
38	38	3/4	3/4	4/4	2	2	1/4		1/4	1	1	-4	44		832
38	38	3/4	3/4	4/4	1	2	1/12		1/8	2/3		-8	52		826
38	38	3/4	3/4	4/4	1	1	1/6		1/4	2/3		0	60		821
38	38	5/6	5/6	4/4	1	2	1/6		1/4	2/3	1	-6	54		827
38	38	11/12	11/12	4/4	1	1	1/12		1/8	2/3	1	-4	56		822
39	39	0	0	4/4	2	3	1/4		1/4	1	-1	-5	37		849
39	39	0	0	4/4	2	3	1/4		1/4	1	-1	-4	44		849
39	39	0	0	4/4	1	2	1/4		1/4	1	-1	-6	54		838
39	39	0	0	4/4	1	3	1/4		1/4	1	-1	-4	56		842
39	39	0	0	4/4	2	1	1/8		1/8	1		-3	75		843
39	39	1/8	1/8	4/4	2	1	3/8		1/4	3/2		-3	75		844
39	39	1/8	1/8	4/4	2	4	1/2		1/2	1		-3	75		851
39	39	1/2	1/2	4/4	2	2	1/4		1/4	1	1	-3	39		847
39	39	1/2	1/2	4/4	2	2	1/4		1/4	1	1	-2	46		847
39	39	1/2	1/2	4/4	1	2	1/12		1/8	2/3		-6	54		839
39	39	1/2	1/2	4/4	1	1	1/6		1/4	2/3		2	62		835
39	39	7/12	7/12	4/4	1	2	1/6		1/4	2/3	1	-4	56		840
39	39	2/3	2/3	4/4	1	1	1/12		1/8	2/3	1	-2	58		836
39	39	3/4	3/4	4/4	2	2	1/4		1/4	1	-1	-3	39		848
39	39	3/4	3/4	4/4	2	2	1/4		1/4	1	-1	-2	46		848
39	39	3/4	3/4	4/4	1	2	1/4		1/4	1	-1	-4	56		841
39	39	3/4	3/4	4/4	1	1	1/4		1/4	1	-1	-2	58		837
39	39	3/4	3/4	4/4	2	1	1/8		1/8	1		-3	75		845
39	39	7/8	7/8	4/4	2	1	1/8		1/8	1	1	-3	75		846
39	39	7/8	7/8	4/4	2	3	1/8		1/8	1	1	-3	75		850
40	40	0	0	4/4	2	1	1/2		1/2	1	-1	-3	75		852
40	40	0	0	4/4	2	3	1/2		1/2	1	-1	-3	75		853
